IdTab_file,IdTab,Row,Column,Datapoint,factValue,qOOR
f_00.01,f_00.01,r0010,c0010,dp31870,eba_qAS:qx2004,
f_00.01,f_00.01,r0020,c0010,dp37969,eba_qSC:qx10,
f_01.01,f_01.01,r0010,c0010,dp10898,846825997,
f_01.01,f_01.01,r0020,c0010,dp32358,1036464,
f_01.01,f_01.01,r0030,c0010,dp32237,618487048,
f_01.01,f_01.01,r0040,c0010,dp32244,227302485,
f_01.01,f_01.01,r0050,c0010,dp11110,1292390,
f_01.01,f_01.01,r0060,c0010,dp11108,1292390,
f_01.01,f_01.01,r0096,c0010,dp152736,20218,
f_01.01,f_01.01,r0097,c0010,dp152734,20218,
f_01.01,f_01.01,r0141,c0010,dp152877,394026381,
f_01.01,f_01.01,r0143,c0010,dp152873,394026381,
f_01.01,f_01.01,r0181,c0010,dp152251,464341991,
f_01.01,f_01.01,r0183,c0010,dp152253,464341991,
f_01.01,f_01.01,r0270,c0010,dp32420,25330935,
f_01.01,f_01.01,r0280,c0010,dp11922,25330935,
f_01.01,f_01.01,r0300,c0010,dp32406,43278950,
f_01.01,f_01.01,r0310,c0010,dp32404,38636619,
f_01.01,f_01.01,r0320,c0010,dp32408,4642331,
f_01.01,f_01.01,r0330,c0010,dp32422,14830445,
f_01.01,f_01.01,r0340,c0010,dp32360,3336948,
f_01.01,f_01.01,r0350,c0010,dp113147,11493497,
f_01.01,f_01.01,r0360,c0010,dp32356,12092722,
f_01.01,f_01.01,r0380,c0010,dp32354,1802040027,
f_01.02,f_01.02,r0010,c0010,dp11345,1864457,
f_01.02,f_01.02,r0020,c0010,dp11343,1864457,
f_01.02,f_01.02,r0110,c0010,dp11451,1578004958,
f_01.02,f_01.02,r0120,c0010,dp11447,1548846355,
f_01.02,f_01.02,r0140,c0010,dp11453,29158603,
f_01.02,f_01.02,r0170,c0010,dp32633,5445585,
f_01.02,f_01.02,r0180,c0010,dp113186,2982400,
f_01.02,f_01.02,r0190,c0010,dp32636,2127840,
f_01.02,f_01.02,r0220,c0010,dp152670,22494,
f_01.02,f_01.02,r0230,c0010,dp32642,312850,
f_01.02,f_01.02,r0240,c0010,dp32651,8995227,
f_01.02,f_01.02,r0250,c0010,dp32594,1249354,
f_01.02,f_01.02,r0260,c0010,dp113175,7745873,
f_01.02,f_01.02,r0280,c0010,dp32631,35161166,
f_01.02,f_01.02,r0300,c0010,dp32592,1629471392,
f_01.03,f_01.03,r0010,c0010,dp32440,141695250,
f_01.03,f_01.03,r0020,c0010,dp56987,141695250,
f_01.03,f_01.03,r0040,c0010,dp32462,14164526,
f_01.03,f_01.03,r0090,c0010,dp32429,6713557,
f_01.03,f_01.03,r0095,c0010,dp84737,38427,
f_01.03,f_01.03,r0120,c0010,dp84731,38427,
f_01.03,f_01.03,r0128,c0010,dp84738,6675130,
f_01.03,f_01.03,r0140,c0010,dp84732,7632646,
f_01.03,f_01.03,r0155,c0010,dp155465,-957517,
f_01.03,f_01.03,r0190,c0010,dp32458,9624698,
f_01.03,f_01.03,r0250,c0010,dp32456,-41301,
f_01.03,f_01.03,r0270,c0010,dp32426,411906,
f_01.03,f_01.03,r0290,c0010,dp32428,411906,
f_01.03,f_01.03,r0300,c0010,dp32464,172568635,
f_01.03,f_01.03,r0310,c0010,dp32654,1802040027,
f_02.00,f_02.00,r0010,c0010,dp33853,8437083,
f_02.00,f_02.00,r0020,c0010,dp11116,435872,
f_02.00,f_02.00,r0041,c0010,dp152881,2411122,
f_02.00,f_02.00,r0051,c0010,dp152255,2070505,
f_02.00,f_02.00,r0080,c0010,dp33859,3519584,
f_02.00,f_02.00,r0090,c0010,dp33803,3715868,
f_02.00,f_02.00,r0100,c0010,dp11351,186576,
f_02.00,f_02.00,r0120,c0010,dp11455,3528320,
f_02.00,f_02.00,r0145,c0010,dp149605,972,
f_02.00,f_02.00,r0160,c0010,dp33861,1,
f_02.00,f_02.00,r0175,c0010,dp152741,1,
f_02.00,f_02.00,r0200,c0010,dp33870,40729632,
f_02.00,f_02.00,r0210,c0010,dp33821,13483150,
f_02.00,f_02.00,r0220,c0010,dp10744,7796,
f_02.00,f_02.00,r0231,c0010,dp152883,7796,
f_02.00,f_02.00,r0280,c0010,dp10678,-88153,
f_02.00,f_02.00,r0287,c0010,dp152746,-3101,
f_02.00,f_02.00,r0330,c0010,dp33924,1110,
f_02.00,f_02.00,r0340,c0010,dp33896,303058,
f_02.00,f_02.00,r0350,c0010,dp33831,890210,
f_02.00,f_02.00,r0355,c0010,dp46612,31298198,
f_02.00,f_02.00,r0360,c0010,dp33816,28377683,
f_02.00,f_02.00,r0370,c0010,dp33818,20924513,
f_02.00,f_02.00,r0380,c0010,dp33817,7453170,
f_02.00,f_02.00,r0385,c0010,dp433799,120000,
f_02.00,f_02.00,r0390,c0010,dp57016,1812708,
f_02.00,f_02.00,r0400,c0010,dp56343,1489560,
f_02.00,f_02.00,r0420,c0010,dp57015,323148,
f_02.00,f_02.00,r0430,c0010,dp33932,1335,
f_02.00,f_02.00,r0440,c0010,dp57024,1335,
f_02.00,f_02.00,r0460,c0010,dp10616,-78182,
f_02.00,f_02.00,r0481,c0010,dp152884,29525,
f_02.00,f_02.00,r0491,c0010,dp152257,-107707,
f_02.00,f_02.00,r0610,c0010,dp33946,1064655,
f_02.00,f_02.00,r0620,c0010,dp33952,1434954,
f_02.00,f_02.00,r0630,c0010,dp33948,-370299,
f_02.00,f_02.00,r0670,c0010,dp57025,-370299,
f_02.00,f_02.00,r0680,c0010,dp57020,-328998,
f_02.00,f_02.00,r0690,c0010,dp57021,-41301,
f_03.00,f_03.00,r0010,c0010,dp57025,-370299,
f_03.00,f_03.00,r0020,c0010,dp33950,-515228,
f_03.00,f_03.00,r0100,c0010,dp84839,-515228,
f_03.00,f_03.00,r0150,c0010,dp33944,1601917,
f_03.00,f_03.00,r0160,c0010,dp38666,1601917,
f_03.00,f_03.00,r0241,c0010,dp152887,-2661163,
f_03.00,f_03.00,r0251,c0010,dp152978,-2225787,
f_03.00,f_03.00,r0261,c0010,dp152969,-435376,
f_03.00,f_03.00,r0330,c0010,dp33955,544018,
f_03.00,f_03.00,r0340,c0010,dp33951,-885527,
f_03.00,f_03.00,r0350,c0010,dp33898,-328998,
f_03.00,f_03.00,r0360,c0010,dp33899,-556529,
f_04.02.1,f_04.02.1,r0010,c0010,dp152734,20218,
f_04.02.1,f_04.02.1,r0020,c0010,dp152710,0,
f_04.02.1,f_04.02.1,r0030,c0010,dp152719,218,
f_04.02.1,f_04.02.1,r0040,c0010,dp152716,20000,
f_04.02.1,f_04.02.1,r0180,c0010,dp152736,20218,
f_04.03.1,f_04.03.1,r0020,c0010,dp152839,0,
f_04.03.1,f_04.03.1,r0050,c0010,dp152873,394026381,
f_04.03.1,f_04.03.1,r0050,c0015,dp152956,395504085,
f_04.03.1,f_04.03.1,r0050,c0050,dp152827,-181050,
f_04.03.1,f_04.03.1,r0070,c0010,dp152841,140468065,
f_04.03.1,f_04.03.1,r0070,c0015,dp152928,141566750,
f_04.03.1,f_04.03.1,r0070,c0050,dp152806,-50371,
f_04.03.1,f_04.03.1,r0080,c0010,dp152838,231263524,
f_04.03.1,f_04.03.1,r0080,c0015,dp152920,231655966,
f_04.03.1,f_04.03.1,r0080,c0050,dp152800,-120669,
f_04.03.1,f_04.03.1,r0090,c0010,dp152847,21392623,
f_04.03.1,f_04.03.1,r0090,c0015,dp152948,21371608,
f_04.03.1,f_04.03.1,r0090,c0050,dp152821,-9808,
f_04.03.1,f_04.03.1,r0100,c0010,dp152844,902168,
f_04.03.1,f_04.03.1,r0100,c0015,dp152940,909762,
f_04.03.1,f_04.03.1,r0100,c0050,dp152815,-203,
f_04.03.1,f_04.03.1,r0180,c0010,dp152877,394026381,
f_04.03.1,f_04.03.1,r0180,c0015,dp152958,395504085,
f_04.03.1,f_04.03.1,r0180,c0050,dp152828,-181050,
f_04.04.1,f_04.04.1,r0010,c0015,dp152315,0,
f_04.04.1,f_04.04.1,r0070,c0010,dp152253,464341991,
f_04.04.1,f_04.04.1,r0070,c0015,dp152319,447422636,
f_04.04.1,f_04.04.1,r0070,c0030,dp152323,16850415,
f_04.04.1,f_04.04.1,r0070,c0040,dp152326,597817,
f_04.04.1,f_04.04.1,r0070,c0050,dp152208,-27755,
f_04.04.1,f_04.04.1,r0070,c0060,dp152211,-28347,
f_04.04.1,f_04.04.1,r0070,c0070,dp152214,-472774,
f_04.04.1,f_04.04.1,r0100,c0010,dp152218,163523866,
f_04.04.1,f_04.04.1,r0100,c0015,dp152281,149237438,
f_04.04.1,f_04.04.1,r0100,c0030,dp152284,14315225,
f_04.04.1,f_04.04.1,r0100,c0050,dp152180,-4136,
f_04.04.1,f_04.04.1,r0100,c0060,dp152182,-24661,
f_04.04.1,f_04.04.1,r0110,c0010,dp152225,24734230,
f_04.04.1,f_04.04.1,r0110,c0015,dp152309,24739233,
f_04.04.1,f_04.04.1,r0110,c0050,dp152201,-5003,
f_04.04.1,f_04.04.1,r0120,c0010,dp152223,55584989,
f_04.04.1,f_04.04.1,r0120,c0015,dp152301,55503432,
f_04.04.1,f_04.04.1,r0120,c0040,dp152306,535500,
f_04.04.1,f_04.04.1,r0120,c0050,dp152195,-3943,
f_04.04.1,f_04.04.1,r0120,c0070,dp152199,-450000,
f_04.04.1,f_04.04.1,r0125,c0010,dp429278,54510578,
f_04.04.1,f_04.04.1,r0125,c0015,dp429279,54425078,
f_04.04.1,f_04.04.1,r0125,c0040,dp429282,535500,
f_04.04.1,f_04.04.1,r0125,c0070,dp429277,-450000,
f_04.04.1,f_04.04.1,r0130,c0010,dp152221,220498906,
f_04.04.1,f_04.04.1,r0130,c0015,dp152295,217942533,
f_04.04.1,f_04.04.1,r0130,c0030,dp152297,2535189,
f_04.04.1,f_04.04.1,r0130,c0040,dp152298,62317,
f_04.04.1,f_04.04.1,r0130,c0050,dp152191,-14673,
f_04.04.1,f_04.04.1,r0130,c0060,dp152192,-3686,
f_04.04.1,f_04.04.1,r0130,c0070,dp152193,-22774,
f_04.04.1,f_04.04.1,r0140,c0010,dp152249,464341991,
f_04.04.1,f_04.04.1,r0140,c0015,dp152317,447422636,
f_04.04.1,f_04.04.1,r0140,c0030,dp152322,16850415,
f_04.04.1,f_04.04.1,r0140,c0040,dp152325,597817,
f_04.04.1,f_04.04.1,r0140,c0050,dp152207,-27755,
f_04.04.1,f_04.04.1,r0140,c0060,dp152210,-28347,
f_04.04.1,f_04.04.1,r0140,c0070,dp152213,-472774,
f_05.01,f_05.01,r0010,c0005,dp152586,881222802,
f_05.01,f_05.01,r0010,c0010,dp152414,618487048,
f_05.01,f_05.01,r0010,c0030,dp152421,227302485,
f_05.01,f_05.01,r0010,c0040,dp152464,14853975,
f_05.01,f_05.01,r0010,c0050,dp152454,1465920,
f_05.01,f_05.01,r0010,c0060,dp152441,18454313,
f_05.01,f_05.01,r0030,c0005,dp152591,16850415,
f_05.01,f_05.01,r0030,c0030,dp152426,14290564,
f_05.01,f_05.01,r0030,c0060,dp152446,2531504,
f_05.01,f_05.01,r0060,c0005,dp152589,412753795,
f_05.01,f_05.01,r0060,c0030,dp152424,149233302,
f_05.01,f_05.01,r0060,c0040,dp152467,9880256,
f_05.01,f_05.01,r0060,c0050,dp152457,54119069,
f_05.01,f_05.01,r0060,c0060,dp152444,199513089,
f_05.01,f_05.01,r0080,c0005,dp152598,1310827011,
f_05.01,f_05.01,r0080,c0010,dp152419,618487048,
f_05.01,f_05.01,r0080,c0030,dp152429,390826351,
f_05.01,f_05.01,r0080,c0040,dp152472,24734230,
f_05.01,f_05.01,r0080,c0050,dp152462,55584989,
f_05.01,f_05.01,r0080,c0060,dp152449,220498906,
f_05.01,f_05.01,r0090,c0005,dp152593,91303742,
f_05.01,f_05.01,r0090,c0050,dp152461,713467,
f_05.01,f_05.01,r0090,c0060,dp152448,90590275,
f_05.01,f_05.01,r0100,c0005,dp152592,189763045,
f_05.01,f_05.01,r0100,c0040,dp152470,24734230,
f_05.01,f_05.01,r0100,c0050,dp152460,52441554,
f_05.01,f_05.01,r0100,c0060,dp152447,112582258,
f_05.01,f_05.01,r0120,c0005,dp152601,85906511,
f_05.01,f_05.01,r0120,c0060,dp152451,85906511,
f_06.01,f_06.01,r0010,c0010,dp152499,0,
f_06.01,f_06.01,r0030,c0010,dp152507,1354844,
f_06.01,f_06.01,r0030,c0011,dp150950,1354844,
f_06.01,f_06.01,r0040,c0010,dp152511,20905,
f_06.01,f_06.01,r0040,c0011,dp150952,20905,
f_06.01,f_06.01,r0060,c0010,dp152519,64694,
f_06.01,f_06.01,r0060,c0011,dp150956,64694,
f_06.01,f_06.01,r0070,c0010,dp152523,611786,
f_06.01,f_06.01,r0070,c0011,dp150958,611786,
f_06.01,f_06.01,r0100,c0010,dp152535,13798,
f_06.01,f_06.01,r0100,c0011,dp150964,13798,
f_06.01,f_06.01,r0110,c0010,dp152539,6148315,
f_06.01,f_06.01,r0110,c0011,dp150966,6148315,
f_06.01,f_06.01,r0120,c0010,dp152543,8340269,
f_06.01,f_06.01,r0120,c0011,dp150968,8340269,
f_06.01,f_06.01,r0130,c0010,dp152547,30556306,
f_06.01,f_06.01,r0130,c0011,dp150970,30556306,
f_06.01,f_06.01,r0180,c0010,dp152567,8928014,
f_06.01,f_06.01,r0180,c0011,dp150980,8928014,
f_06.01,f_06.01,r0180,c0012,dp152568,535500,
f_06.01,f_06.01,r0180,c0013,dp429374,535500,
f_06.01,f_06.01,r0180,c0021,dp150892,-453943,
f_06.01,f_06.01,r0190,c0010,dp152498,56038932,
f_06.01,f_06.01,r0190,c0011,dp150945,56038932,
f_06.01,f_06.01,r0190,c0012,dp152575,535500,
f_06.01,f_06.01,r0190,c0013,dp429376,535500,
f_06.01,f_06.01,r0190,c0021,dp150857,-453943,
f_07.01,f_07.01,r0060,c0010,dp150750,0,
f_07.01,f_07.01,r0120,c0090,dp150842,125042,
f_07.01,f_07.01,r0170,c0090,dp150626,85500,
f_07.01,f_07.01,r0180,c0090,dp150608,39542,
f_07.01,f_07.01,r0190,c0090,dp150919,125042,
f_07.01,f_07.01,r0200,c0090,dp150809,125042,
f_08.01.a,f_08.01.a,r0010,c0010,dp11343,1864457,
f_08.01.a,f_08.01.a,r0030,c0010,dp11331,0,
f_08.01.a,f_08.01.a,r0050,c0030,dp11447,1548846355,
f_08.01.a,f_08.01.a,r0110,c0030,dp11408,8817351,
f_08.01.a,f_08.01.a,r0120,c0030,dp11409,8817351,
f_08.01.a,f_08.01.a,r0160,c0030,dp11403,140490475,
f_08.01.a,f_08.01.a,r0170,c0030,dp11404,90959074,
f_08.01.a,f_08.01.a,r0180,c0030,dp11407,49531401,
f_08.01.a,f_08.01.a,r0210,c0030,dp67332,129481243,
f_08.01.a,f_08.01.a,r0220,c0030,dp67333,129481243,
f_08.01.a,f_08.01.a,r0260,c0030,dp11418,366200457,
f_08.01.a,f_08.01.a,r0270,c0030,dp11419,346482741,
f_08.01.a,f_08.01.a,r0280,c0030,dp11422,19717716,
f_08.01.a,f_08.01.a,r0310,c0030,dp11413,903856830,
f_08.01.a,f_08.01.a,r0320,c0030,dp11414,849701230,
f_08.01.a,f_08.01.a,r0330,c0030,dp11417,54155599,
f_08.01.a,f_08.01.a,r0440,c0030,dp11453,29158603,
f_08.01.a,f_08.01.a,r0445,c0030,dp429243,21482458,
f_08.01.b,f_08.01.b,r0450,c0010,dp11345,1864457,
f_08.01.b,f_08.01.b,r0450,c0030,dp11451,1578004958,
f_09.01.1,f_09.01.1,r0010,c0010,dp155917,20112964,
f_09.01.1,f_09.01.1,r0010,c0040,dp155600,22494,
f_09.01.1,f_09.01.1,r0060,c0010,dp155901,2129337,
f_09.01.1,f_09.01.1,r0080,c0010,dp155871,17983628,
f_09.01.1,f_09.01.1,r0080,c0040,dp155531,22494,
f_09.01.1,f_09.01.1,r0090,c0010,dp155915,2425931,
f_09.01.1,f_09.01.1,r0130,c0010,dp155840,152273,
f_09.01.1,f_09.01.1,r0140,c0010,dp155900,64166,
f_09.01.1,f_09.01.1,r0160,c0010,dp155870,2209491,
f_09.01.1,f_09.01.1,r0170,c0100,dp155937,300000,
f_09.01.1,f_09.01.1,r0240,c0100,dp155881,300000,
f_09.02,f_09.02,r0080,c0010,dp84995,17177261,
f_09.02,f_09.02,r0110,c0010,dp84990,152273,
f_09.02,f_09.02,r0120,c0010,dp84994,16314988,
f_09.02,f_09.02,r0140,c0010,dp84992,710000,
f_10.00,f_10.00,r0010,c0010,dp10623,0,
f_10.00,f_10.00,r0130,c0010,dp10626,1292390,
f_10.00,f_10.00,r0130,c0020,dp10652,1864457,
f_10.00,f_10.00,r0130,c0030,dp10714,197130152,
f_10.00,f_10.00,r0140,c0010,dp11177,1292390,
f_10.00,f_10.00,r0140,c0020,dp11183,1864457,
f_10.00,f_10.00,r0140,c0030,dp11189,197130152,
f_10.00,f_10.00,r0160,c0010,dp10642,1292390,
f_10.00,f_10.00,r0160,c0020,dp10668,1864457,
f_10.00,f_10.00,r0160,c0030,dp10730,197130152,
f_10.00,f_10.00,r0290,c0010,dp10621,1292390,
f_10.00,f_10.00,r0290,c0020,dp10647,1864457,
f_10.00,f_10.00,r0290,c0030,dp10709,197130152,
f_10.00,f_10.00,r0300,c0010,dp10619,45732,
f_10.00,f_10.00,r0300,c0020,dp10645,728394,
f_10.00,f_10.00,r0300,c0030,dp10690,77517921,
f_10.00,f_10.00,r0310,c0010,dp67284,478897,
f_10.00,f_10.00,r0310,c0020,dp67285,15128,
f_10.00,f_10.00,r0310,c0030,dp67286,36477929,
f_10.00,f_10.00,r0320,c0010,dp10618,767761,
f_10.00,f_10.00,r0320,c0020,dp10644,1120934,
f_10.00,f_10.00,r0320,c0030,dp10689,83134303,
f_12.01.a,f_12.01.a,r0010,c0010,dp149866,-334749,
f_12.01.a,f_12.01.a,r0010,c0020,dp149963,-57949,
f_12.01.a,f_12.01.a,r0010,c0030,dp150007,51609,
f_12.01.a,f_12.01.a,r0010,c0040,dp150051,-18411,
f_12.01.a,f_12.01.a,r0010,c0090,dp150227,-15916,
f_12.01.a,f_12.01.a,r0010,c0100,dp149865,-375417,
f_12.01.a,f_12.01.a,r0010,c0125,dp429131,7796,
f_12.01.a,f_12.01.a,r0015,c0010,dp441579,-127281,
f_12.01.a,f_12.01.a,r0015,c0020,dp441587,-6756,
f_12.01.a,f_12.01.a,r0015,c0030,dp441590,1638,
f_12.01.a,f_12.01.a,r0015,c0040,dp441593,-18968,
f_12.01.a,f_12.01.a,r0015,c0090,dp441605,-15244,
f_12.01.a,f_12.01.a,r0015,c0100,dp441578,-166612,
f_12.01.a,f_12.01.a,r0020,c0010,dp149864,-150472,
f_12.01.a,f_12.01.a,r0020,c0020,dp149962,-51180,
f_12.01.a,f_12.01.a,r0020,c0030,dp150006,21099,
f_12.01.a,f_12.01.a,r0020,c0040,dp150050,557,
f_12.01.a,f_12.01.a,r0020,c0090,dp150226,-1054,
f_12.01.a,f_12.01.a,r0020,c0100,dp149863,-181050,
f_12.01.a,f_12.01.a,r0020,c0125,dp429130,7796,
f_12.01.a,f_12.01.a,r0040,c0010,dp149822,-50470,
f_12.01.a,f_12.01.a,r0040,c0020,dp149941,-1922,
f_12.01.a,f_12.01.a,r0040,c0030,dp149985,1971,
f_12.01.a,f_12.01.a,r0040,c0040,dp150029,109,
f_12.01.a,f_12.01.a,r0040,c0090,dp150205,-59,
f_12.01.a,f_12.01.a,r0040,c0100,dp149821,-50371,
f_12.01.a,f_12.01.a,r0040,c0125,dp429109,9708,
f_12.01.a,f_12.01.a,r0050,c0010,dp149810,-89801,
f_12.01.a,f_12.01.a,r0050,c0020,dp149935,-49258,
f_12.01.a,f_12.01.a,r0050,c0030,dp149979,19004,
f_12.01.a,f_12.01.a,r0050,c0040,dp150023,381,
f_12.01.a,f_12.01.a,r0050,c0090,dp150199,-994,
f_12.01.a,f_12.01.a,r0050,c0100,dp149809,-120669,
f_12.01.a,f_12.01.a,r0050,c0125,dp429103,6403,
f_12.01.a,f_12.01.a,r0060,c0010,dp149852,-9873,
f_12.01.a,f_12.01.a,r0060,c0040,dp150044,65,
f_12.01.a,f_12.01.a,r0060,c0100,dp149851,-9808,
f_12.01.a,f_12.01.a,r0070,c0010,dp149840,-329,
f_12.01.a,f_12.01.a,r0070,c0030,dp149994,123,
f_12.01.a,f_12.01.a,r0070,c0040,dp150038,3,
f_12.01.a,f_12.01.a,r0070,c0100,dp149839,-203,
f_12.01.a,f_12.01.a,r0070,c0125,dp429118,-8315,
f_12.01.a,f_12.01.a,r0080,c0010,dp149868,-56996,
f_12.01.a,f_12.01.a,r0080,c0020,dp149964,-12,
f_12.01.a,f_12.01.a,r0080,c0030,dp150008,28872,
f_12.01.a,f_12.01.a,r0080,c0090,dp150228,382,
f_12.01.a,f_12.01.a,r0080,c0100,dp149867,-27755,
f_12.01.a,f_12.01.a,r0110,c0010,dp149812,-8665,
f_12.01.a,f_12.01.a,r0110,c0020,dp149936,-12,
f_12.01.a,f_12.01.a,r0110,c0030,dp149980,4542,
f_12.01.a,f_12.01.a,r0110,c0100,dp149811,-4136,
f_12.01.a,f_12.01.a,r0120,c0010,dp149854,-5309,
f_12.01.a,f_12.01.a,r0120,c0090,dp150221,307,
f_12.01.a,f_12.01.a,r0120,c0100,dp149853,-5003,
f_12.01.a,f_12.01.a,r0130,c0010,dp149842,-3943,
f_12.01.a,f_12.01.a,r0130,c0100,dp149841,-3943,
f_12.01.a,f_12.01.a,r0140,c0010,dp149834,-39078,
f_12.01.a,f_12.01.a,r0140,c0030,dp149991,24330,
f_12.01.a,f_12.01.a,r0140,c0090,dp150211,75,
f_12.01.a,f_12.01.a,r0140,c0100,dp149833,-14673,
f_12.01.a,f_12.01.a,r0170,c0010,dp150515,-334749,
f_12.01.a,f_12.01.a,r0170,c0020,dp150523,-57949,
f_12.01.a,f_12.01.a,r0170,c0030,dp150526,51609,
f_12.01.a,f_12.01.a,r0170,c0040,dp150529,-18411,
f_12.01.a,f_12.01.a,r0170,c0090,dp150541,-15916,
f_12.01.a,f_12.01.a,r0170,c0100,dp150514,-375417,
f_12.01.a,f_12.01.a,r0170,c0125,dp429153,7796,
f_12.01.a,f_12.01.a,r0180,c0010,dp149874,-9827,
f_12.01.a,f_12.01.a,r0180,c0020,dp149966,-28336,
f_12.01.a,f_12.01.a,r0180,c0030,dp150010,9817,
f_12.01.a,f_12.01.a,r0180,c0100,dp149871,-28347,
f_12.01.a,f_12.01.a,r0250,c0010,dp149876,-9827,
f_12.01.a,f_12.01.a,r0250,c0020,dp149968,-28336,
f_12.01.a,f_12.01.a,r0250,c0030,dp150012,9817,
f_12.01.a,f_12.01.a,r0250,c0100,dp149875,-28347,
f_12.01.a,f_12.01.a,r0280,c0010,dp149816,-8969,
f_12.01.a,f_12.01.a,r0280,c0020,dp149938,-24651,
f_12.01.a,f_12.01.a,r0280,c0030,dp149982,8958,
f_12.01.a,f_12.01.a,r0280,c0100,dp149815,-24661,
f_12.01.a,f_12.01.a,r0310,c0010,dp149836,-858,
f_12.01.a,f_12.01.a,r0310,c0020,dp149948,-3686,
f_12.01.a,f_12.01.a,r0310,c0030,dp149992,858,
f_12.01.a,f_12.01.a,r0310,c0100,dp149835,-3686,
f_12.01.a,f_12.01.a,r0340,c0010,dp150517,-9827,
f_12.01.a,f_12.01.a,r0340,c0020,dp150524,-28336,
f_12.01.a,f_12.01.a,r0340,c0030,dp150527,9817,
f_12.01.a,f_12.01.a,r0340,c0100,dp150516,-28347,
f_12.01.a,f_12.01.a,r0360,c0010,dp149880,-872498,
f_12.01.a,f_12.01.a,r0360,c0030,dp150014,134454,
f_12.01.a,f_12.01.a,r0360,c0080,dp150190,265546,
f_12.01.a,f_12.01.a,r0360,c0090,dp150234,-277,
f_12.01.a,f_12.01.a,r0360,c0100,dp149879,-472774,
f_12.01.a,f_12.01.a,r0360,c0120,dp150278,-13000,
f_12.01.a,f_12.01.a,r0430,c0010,dp149882,-872498,
f_12.01.a,f_12.01.a,r0430,c0030,dp150015,134454,
f_12.01.a,f_12.01.a,r0430,c0080,dp150191,265546,
f_12.01.a,f_12.01.a,r0430,c0090,dp150235,-277,
f_12.01.a,f_12.01.a,r0430,c0100,dp149881,-472774,
f_12.01.a,f_12.01.a,r0430,c0120,dp150279,-13000,
f_12.01.a,f_12.01.a,r0480,c0010,dp149850,-850000,
f_12.01.a,f_12.01.a,r0480,c0030,dp149999,134454,
f_12.01.a,f_12.01.a,r0480,c0080,dp150175,265546,
f_12.01.a,f_12.01.a,r0480,c0100,dp149849,-450000,
f_12.01.a,f_12.01.a,r0490,c0010,dp149838,-22498,
f_12.01.a,f_12.01.a,r0490,c0090,dp150213,-277,
f_12.01.a,f_12.01.a,r0490,c0100,dp149837,-22774,
f_12.01.a,f_12.01.a,r0490,c0120,dp150257,-13000,
f_12.01.a,f_12.01.a,r0510,c0010,dp150519,-872498,
f_12.01.a,f_12.01.a,r0510,c0030,dp150528,134454,
f_12.01.a,f_12.01.a,r0510,c0080,dp150540,265546,
f_12.01.a,f_12.01.a,r0510,c0090,dp150543,-277,
f_12.01.a,f_12.01.a,r0510,c0100,dp150518,-472774,
f_12.01.a,f_12.01.a,r0510,c0120,dp150546,-13000,
f_12.01.a,f_12.01.a,r0520,c0010,dp149884,-1217074,
f_12.01.a,f_12.01.a,r0520,c0020,dp149972,-86285,
f_12.01.a,f_12.01.a,r0520,c0030,dp150016,195879,
f_12.01.a,f_12.01.a,r0520,c0040,dp150060,-18411,
f_12.01.a,f_12.01.a,r0520,c0080,dp150192,265546,
f_12.01.a,f_12.01.a,r0520,c0090,dp150236,-16193,
f_12.01.a,f_12.01.a,r0520,c0100,dp149883,-876538,
f_12.01.a,f_12.01.a,r0520,c0120,dp150280,-13000,
f_12.01.a,f_12.01.a,r0520,c0125,dp429140,7796,
f_12.01.b,f_12.01.b,r0530,c0010,dp155349,21159,
f_12.01.b,f_12.01.b,r0530,c0040,dp155993,1335,
f_12.01.b,f_12.01.b,r0530,c0100,dp155348,22494,
f_12.01.b,f_12.01.b,r0570,c0010,dp155357,21159,
f_12.01.b,f_12.01.b,r0570,c0040,dp155997,1335,
f_12.01.b,f_12.01.b,r0570,c0100,dp155356,22494,
f_12.02,f_12.02,r0070,c0010,dp155771,16850415,
f_12.02,f_12.02,r0100,c0010,dp155717,14315225,
f_12.02,f_12.02,r0130,c0010,dp155735,2535189,
f_12.02,f_12.02,r0140,c0010,dp155777,16850415,
f_12.02,f_12.02,r0140,c0030,dp155780,0,
f_12.02,f_12.02,r0140,c0050,dp155779,0,
f_12.02,f_12.02,r0150,c0060,dp155956,12539262,
f_13.01,f_13.01,r0010,c0010,dp67822,84113005,
f_13.01,f_13.01,r0010,c0020,dp67821,4564023,
f_13.01,f_13.01,r0010,c0030,dp67819,31922951,
f_13.01,f_13.01,r0010,c0032,dp429474,126422069,
f_13.01,f_13.01,r0010,c0041,dp429475,29457730,
f_13.01,f_13.01,r0010,c0050,dp67820,0,
f_13.01,f_13.01,r0020,c0030,dp67814,3763942,
f_13.01,f_13.01,r0020,c0032,dp429471,10109265,
f_13.01,f_13.01,r0020,c0041,dp429472,10778191,
f_13.01,f_13.01,r0030,c0010,dp67812,504000,
f_13.01,f_13.01,r0030,c0030,dp67809,13640305,
f_13.01,f_13.01,r0030,c0032,dp429468,35308820,
f_13.01,f_13.01,r0030,c0041,dp429469,3581184,
f_13.01,f_13.01,r0035,c0010,dp429464,504000,
f_13.01,f_13.01,r0035,c0030,dp429461,13640305,
f_13.01,f_13.01,r0035,c0032,dp429465,35308820,
f_13.01,f_13.01,r0035,c0041,dp429466,3581184,
f_13.01,f_13.01,r0040,c0010,dp67807,83609005,
f_13.01,f_13.01,r0040,c0020,dp67806,4564023,
f_13.01,f_13.01,r0040,c0030,dp67804,14518704,
f_13.01,f_13.01,r0040,c0032,dp429438,81003983,
f_13.01,f_13.01,r0040,c0041,dp429441,15098355,
f_13.01,f_13.01,r0050,c0010,dp152626,83590968,
f_13.01,f_13.01,r0050,c0030,dp152620,103159,
f_13.01,f_13.01,r0050,c0041,dp429443,950958,
f_13.02.1.a,f_13.02.1.a,r0010,c0010,dp429253,0,
f_13.03.1.a,f_13.03.1.a,r0010,c0010,dp429255,0,
f_14.00,f_14.00,r0010,c0010,dp11120,0,
f_14.00,f_14.00,r0010,c0020,dp11125,1292390,
f_14.00,f_14.00,r0010,c0040,dp11153,1285091,
f_14.00,f_14.00,r0010,c0070,dp11139,1292390,
f_14.00,f_14.00,r0020,c0020,dp11124,1292390,
f_14.00,f_14.00,r0020,c0040,dp11152,1285091,
f_14.00,f_14.00,r0020,c0070,dp11138,1292390,
f_14.00,f_14.00,r0056,c0030,dp152759,20218,
f_14.00,f_14.00,r0057,c0030,dp152758,20218,
f_14.00,f_14.00,r0101,c0010,dp152890,394026381,
f_14.00,f_14.00,r0101,c0060,dp152902,-4219204,
f_14.00,f_14.00,r0103,c0010,dp152888,394026381,
f_14.00,f_14.00,r0103,c0060,dp152900,-4219204,
f_14.00,f_14.00,r0150,c0020,dp11361,1864457,
f_14.00,f_14.00,r0150,c0040,dp11389,398338,
f_14.00,f_14.00,r0150,c0070,dp11377,-1864457,
f_14.00,f_14.00,r0160,c0020,dp11360,1864457,
f_14.00,f_14.00,r0160,c0040,dp11388,398338,
f_14.00,f_14.00,r0160,c0070,dp11376,-1864457,
f_16.01,f_16.01,r0010,c0010,dp10671,435872,
f_16.01,f_16.01,r0010,c0020,dp10670,186576,
f_16.01,f_16.01,r0015,c0010,dp151040,435872,
f_16.01,f_16.01,r0015,c0020,dp151039,186576,
f_16.01,f_16.01,r0020,c0010,dp33860,2411122,
f_16.01,f_16.01,r0040,c0010,dp33837,1035653,
f_16.01,f_16.01,r0050,c0010,dp33835,1206523,
f_16.01,f_16.01,r0060,c0010,dp84836,158331,
f_16.01,f_16.01,r0070,c0010,dp33840,10615,
f_16.01,f_16.01,r0080,c0010,dp33869,2070505,
f_16.01,f_16.01,r0080,c0020,dp149608,972,
f_16.01,f_16.01,r0090,c0020,dp149595,3,
f_16.01,f_16.01,r0110,c0010,dp33836,140472,
f_16.01,f_16.01,r0110,c0020,dp149597,969,
f_16.01,f_16.01,r0120,c0010,dp84837,138814,
f_16.01,f_16.01,r0130,c0010,dp33841,161666,
f_16.01,f_16.01,r0140,c0010,dp33839,1629553,
f_16.01,f_16.01,r0141,c0010,dp433801,698145,
f_16.01,f_16.01,r0150,c0010,dp33859,3519584,
f_16.01,f_16.01,r0160,c0020,dp33810,3383944,
f_16.01,f_16.01,r0190,c0020,dp33788,513800,
f_16.01,f_16.01,r0200,c0020,dp84835,158369,
f_16.01,f_16.01,r0210,c0020,dp33791,299902,
f_16.01,f_16.01,r0220,c0020,dp33790,2411872,
f_16.01,f_16.01,r0240,c0020,dp33814,144376,
f_16.01,f_16.01,r0270,c0010,dp33853,8437083,
f_16.01,f_16.01,r0270,c0020,dp33803,3715868,
f_16.01,f_16.01,r0290,c0020,dp433759,144376,
f_16.02,f_16.02,r0020,c0010,dp10745,7796,
f_16.02,f_16.02,r0070,c0010,dp10744,7796,
f_16.03,f_16.03,r0010,c0010,dp10677,-337330,
f_16.03,f_16.03,r0080,c0010,dp10681,249177,
f_16.03,f_16.03,r0090,c0010,dp10678,-88153,
f_16.04,f_16.04,r0010,c0010,dp10684,0,
f_16.04,f_16.04,r0030,c0010,dp10687,-88153,
f_16.04,f_16.04,r0070,c0010,dp10678,-88153,
f_16.04.1,f_16.04.1,r0020,c0010,dp152745,-2880,
f_16.04.1,f_16.04.1,r0030,c0010,dp152744,-221,
f_16.04.1,f_16.04.1,r0090,c0010,dp152746,-3101,
f_16.08,f_16.08,r0010,c0010,dp433761,3333390,
f_16.08,f_16.08,r0030,c0010,dp433763,3333390,
f_16.08,f_16.08,r0040,c0010,dp433764,98554,
f_16.08,f_16.08,r0050,c0010,dp433765,744753,
f_16.08,f_16.08,r0060,c0010,dp433766,903875,
f_16.08,f_16.08,r0090,c0010,dp433769,384814,
f_16.08,f_16.08,r0100,c0010,dp433770,84893,
f_16.08,f_16.08,r0110,c0010,dp433771,1902891,
f_16.08,f_16.08,r0120,c0010,dp33817,7453170,
f_17.01,f_17.01,r0010,c0010,dp10899,846825997,
f_17.01,f_17.01,r0020,c0010,dp32359,1036464,
f_17.01,f_17.01,r0030,c0010,dp32238,618487048,
f_17.01,f_17.01,r0040,c0010,dp32245,227302485,
f_17.01,f_17.01,r0050,c0010,dp11111,1292390,
f_17.01,f_17.01,r0060,c0010,dp11109,1292390,
f_17.01,f_17.01,r0096,c0010,dp152737,20218,
f_17.01,f_17.01,r0097,c0010,dp152735,20218,
f_17.01,f_17.01,r0141,c0010,dp152878,394026381,
f_17.01,f_17.01,r0143,c0010,dp152874,394026381,
f_17.01,f_17.01,r0181,c0010,dp152252,464341991,
f_17.01,f_17.01,r0183,c0010,dp152254,464341991,
f_17.01,f_17.01,r0280,c0010,dp32421,25330935,
f_17.01,f_17.01,r0290,c0010,dp32407,43278950,
f_17.01,f_17.01,r0300,c0010,dp32405,38636619,
f_17.01,f_17.01,r0310,c0010,dp32409,4642331,
f_17.01,f_17.01,r0320,c0010,dp32423,14830445,
f_17.01,f_17.01,r0330,c0010,dp32361,3336948,
f_17.01,f_17.01,r0340,c0010,dp32374,11493497,
f_17.01,f_17.01,r0350,c0010,dp32357,12092722,
f_17.01,f_17.01,r0370,c0010,dp32355,1802040027,
f_17.02,f_17.02,r0010,c0010,dp39716,20112964,
f_17.02,f_17.02,r0020,c0010,dp39712,2425931,
f_17.02,f_17.02,r0030,c0010,dp39729,300000,
f_17.02,f_17.02,r0040,c0010,dp39726,22838895,
f_17.03,f_17.03,r0010,c0010,dp11346,1864457,
f_17.03,f_17.03,r0020,c0010,dp11344,1864457,
f_17.03,f_17.03,r0110,c0010,dp11452,1578004958,
f_17.03,f_17.03,r0120,c0010,dp11448,1548846355,
f_17.03,f_17.03,r0140,c0010,dp11454,29158603,
f_17.03,f_17.03,r0180,c0010,dp32635,5445585,
f_17.03,f_17.03,r0190,c0010,dp32652,8995227,
f_17.03,f_17.03,r0200,c0010,dp32595,1249354,
f_17.03,f_17.03,r0210,c0010,dp32605,7745873,
f_17.03,f_17.03,r0230,c0010,dp32632,35161166,
f_17.03,f_17.03,r0250,c0010,dp32593,1629471392,
f_17.03,f_17.03,r0260,c0010,dp32441,141695250,
f_17.03,f_17.03,r0270,c0010,dp32463,14164526,
f_17.03,f_17.03,r0300,c0010,dp32430,6713557,
f_17.03,f_17.03,r0310,c0010,dp32459,9624698,
f_17.03,f_17.03,r0350,c0010,dp32457,-41301,
f_17.03,f_17.03,r0370,c0010,dp32427,411906,
f_17.03,f_17.03,r0380,c0010,dp32465,172568635,
f_17.03,f_17.03,r0390,c0010,dp32655,1802040027,
f_18.00.a,f_18.00.a,r0005,c0010,dp429192,845956145,
f_18.00.a,f_18.00.a,r0005,c0020,dp429201,845956145,
f_18.00.a,f_18.00.a,r0005,c0030,dp429202,845956145,
f_18.00.a,f_18.00.a,r0005,c0056,dp429188,845956145,
f_18.00.a,f_18.00.a,r0070,c0010,dp110279,464870867,
f_18.00.a,f_18.00.a,r0070,c0020,dp110282,464273050,
f_18.00.a,f_18.00.a,r0070,c0030,dp110283,464273050,
f_18.00.a,f_18.00.a,r0070,c0056,dp431105,447422636,
f_18.00.a,f_18.00.a,r0070,c0057,dp431107,16850415,
f_18.00.a,f_18.00.a,r0070,c0060,dp110280,597817,
f_18.00.a,f_18.00.a,r0070,c0102,dp431114,535500,
f_18.00.a,f_18.00.a,r0070,c0106,dp431117,62317,
f_18.00.a,f_18.00.a,r0070,c0110,dp110250,597817,
f_18.00.a,f_18.00.a,r0070,c0121,dp431108,597817,
f_18.00.a,f_18.00.a,r0100,c0010,dp109957,163552663,
f_18.00.a,f_18.00.a,r0100,c0020,dp109960,163552663,
f_18.00.a,f_18.00.a,r0100,c0030,dp109961,163552663,
f_18.00.a,f_18.00.a,r0100,c0056,dp431074,149237438,
f_18.00.a,f_18.00.a,r0100,c0057,dp431076,14315225,
f_18.00.a,f_18.00.a,r0110,c0010,dp110210,24739233,
f_18.00.a,f_18.00.a,r0110,c0020,dp110213,24739233,
f_18.00.a,f_18.00.a,r0110,c0030,dp110214,24739233,
f_18.00.a,f_18.00.a,r0110,c0056,dp429878,24739233,
f_18.00.a,f_18.00.a,r0120,c0010,dp110164,56038932,
f_18.00.a,f_18.00.a,r0120,c0020,dp110167,55503432,
f_18.00.a,f_18.00.a,r0120,c0030,dp110168,55503432,
f_18.00.a,f_18.00.a,r0120,c0056,dp429853,55503432,
f_18.00.a,f_18.00.a,r0120,c0060,dp110165,535500,
f_18.00.a,f_18.00.a,r0120,c0102,dp429872,535500,
f_18.00.a,f_18.00.a,r0120,c0110,dp110135,535500,
f_18.00.a,f_18.00.a,r0120,c0121,dp429862,535500,
f_18.00.a,f_18.00.a,r0130,c0010,dp110095,54960578,
f_18.00.a,f_18.00.a,r0130,c0020,dp110098,54425078,
f_18.00.a,f_18.00.a,r0130,c0030,dp110099,54425078,
f_18.00.a,f_18.00.a,r0130,c0056,dp429827,54425078,
f_18.00.a,f_18.00.a,r0130,c0060,dp110096,535500,
f_18.00.a,f_18.00.a,r0130,c0102,dp429844,535500,
f_18.00.a,f_18.00.a,r0130,c0110,dp110088,535500,
f_18.00.a,f_18.00.a,r0130,c0121,dp429830,535500,
f_18.00.a,f_18.00.a,r0150,c0010,dp110067,220540039,
f_18.00.a,f_18.00.a,r0150,c0020,dp110072,220477723,
f_18.00.a,f_18.00.a,r0150,c0030,dp110075,220477723,
f_18.00.a,f_18.00.a,r0150,c0056,dp429760,217942533,
f_18.00.a,f_18.00.a,r0150,c0057,dp429766,2535189,
f_18.00.a,f_18.00.a,r0150,c0060,dp110068,62317,
f_18.00.a,f_18.00.a,r0150,c0106,dp429783,62317,
f_18.00.a,f_18.00.a,r0150,c0110,dp110042,62317,
f_18.00.a,f_18.00.a,r0150,c0121,dp429769,62317,
f_18.00.a,f_18.00.a,r0160,c0010,dp110062,85906511,
f_18.00.a,f_18.00.a,r0160,c0020,dp110065,85906511,
f_18.00.a,f_18.00.a,r0160,c0030,dp110066,85906511,
f_18.00.a,f_18.00.a,r0160,c0056,dp429759,85906511,
f_18.00.a,f_18.00.a,r0180,c0010,dp110274,1310827011,
f_18.00.a,f_18.00.a,r0180,c0020,dp110277,1310229195,
f_18.00.a,f_18.00.a,r0180,c0030,dp110278,1310229195,
f_18.00.a,f_18.00.a,r0180,c0056,dp429896,1293378780,
f_18.00.a,f_18.00.a,r0180,c0057,dp429900,16850415,
f_18.00.a,f_18.00.a,r0180,c0060,dp110275,597817,
f_18.00.a,f_18.00.a,r0180,c0102,dp429908,535500,
f_18.00.a,f_18.00.a,r0180,c0106,dp429909,62317,
f_18.00.a,f_18.00.a,r0180,c0110,dp110249,597817,
f_18.00.a,f_18.00.a,r0180,c0121,dp429902,597817,
f_18.00.a,f_18.00.a,r0181,c0010,dp154729,395504085,
f_18.00.a,f_18.00.a,r0181,c0020,dp154736,395504085,
f_18.00.a,f_18.00.a,r0181,c0030,dp154737,395504085,
f_18.00.a,f_18.00.a,r0181,c0056,dp430405,395504085,
f_18.00.a,f_18.00.a,r0183,c0010,dp154555,141566750,
f_18.00.a,f_18.00.a,r0183,c0020,dp154562,141566750,
f_18.00.a,f_18.00.a,r0183,c0030,dp154563,141566750,
f_18.00.a,f_18.00.a,r0183,c0056,dp430225,141566750,
f_18.00.a,f_18.00.a,r0184,c0010,dp154509,231655966,
f_18.00.a,f_18.00.a,r0184,c0020,dp154516,231655966,
f_18.00.a,f_18.00.a,r0184,c0030,dp154517,231655966,
f_18.00.a,f_18.00.a,r0184,c0056,dp430207,231655966,
f_18.00.a,f_18.00.a,r0185,c0010,dp154670,21371608,
f_18.00.a,f_18.00.a,r0185,c0020,dp154677,21371608,
f_18.00.a,f_18.00.a,r0185,c0030,dp154678,21371608,
f_18.00.a,f_18.00.a,r0185,c0056,dp430386,21371608,
f_18.00.a,f_18.00.a,r0186,c0010,dp154624,909762,
f_18.00.a,f_18.00.a,r0186,c0020,dp154631,909762,
f_18.00.a,f_18.00.a,r0186,c0030,dp154632,909762,
f_18.00.a,f_18.00.a,r0186,c0056,dp430353,909762,
f_18.00.a,f_18.00.a,r0201,c0010,dp154739,395504085,
f_18.00.a,f_18.00.a,r0201,c0020,dp154746,395504085,
f_18.00.a,f_18.00.a,r0201,c0030,dp154747,395504085,
f_18.00.a,f_18.00.a,r0201,c0056,dp430406,395504085,
f_18.00.a,f_18.00.a,r0330,c0010,dp110886,1706331097,
f_18.00.a,f_18.00.a,r0330,c0020,dp110889,1705733280,
f_18.00.a,f_18.00.a,r0330,c0030,dp110890,1705733280,
f_18.00.a,f_18.00.a,r0330,c0056,dp429413,1688882865,
f_18.00.a,f_18.00.a,r0330,c0057,dp429415,16850415,
f_18.00.a,f_18.00.a,r0330,c0060,dp110887,597817,
f_18.00.a,f_18.00.a,r0330,c0102,dp429418,535500,
f_18.00.a,f_18.00.a,r0330,c0106,dp429419,62317,
f_18.00.a,f_18.00.a,r0330,c0110,dp110879,597817,
f_18.00.a,f_18.00.a,r0330,c0121,dp429416,597817,
f_18.00.b,f_18.00.b,r0005,c0130,dp429165,-166612,
f_18.00.b,f_18.00.b,r0005,c0140,dp429174,-166612,
f_18.00.b,f_18.00.b,r0005,c0141,dp429161,-166612,
f_18.00.b,f_18.00.b,r0070,c0130,dp109863,-528876,
f_18.00.b,f_18.00.b,r0070,c0140,dp109869,-56102,
f_18.00.b,f_18.00.b,r0070,c0141,dp431016,-27755,
f_18.00.b,f_18.00.b,r0070,c0142,dp431018,-28347,
f_18.00.b,f_18.00.b,r0070,c0150,dp109864,-472774,
f_18.00.b,f_18.00.b,r0070,c0192,dp431025,-450000,
f_18.00.b,f_18.00.b,r0070,c0196,dp431028,-22774,
f_18.00.b,f_18.00.b,r0070,c0951,dp431019,-472774,
f_18.00.b,f_18.00.b,r0100,c0130,dp109695,-28797,
f_18.00.b,f_18.00.b,r0100,c0140,dp109701,-28797,
f_18.00.b,f_18.00.b,r0100,c0141,dp430995,-4136,
f_18.00.b,f_18.00.b,r0100,c0142,dp430997,-24661,
f_18.00.b,f_18.00.b,r0110,c0130,dp109827,-5003,
f_18.00.b,f_18.00.b,r0110,c0140,dp109833,-5003,
f_18.00.b,f_18.00.b,r0110,c0141,dp429685,-5003,
f_18.00.b,f_18.00.b,r0120,c0130,dp109803,-453943,
f_18.00.b,f_18.00.b,r0120,c0140,dp109809,-3943,
f_18.00.b,f_18.00.b,r0120,c0141,dp429662,-3943,
f_18.00.b,f_18.00.b,r0120,c0150,dp109804,-450000,
f_18.00.b,f_18.00.b,r0120,c0192,dp429681,-450000,
f_18.00.b,f_18.00.b,r0120,c0951,dp429671,-450000,
f_18.00.b,f_18.00.b,r0130,c0130,dp109767,-450000,
f_18.00.b,f_18.00.b,r0130,c0150,dp109768,-450000,
f_18.00.b,f_18.00.b,r0130,c0192,dp429655,-450000,
f_18.00.b,f_18.00.b,r0130,c0951,dp429641,-450000,
f_18.00.b,f_18.00.b,r0150,c0130,dp109748,-41133,
f_18.00.b,f_18.00.b,r0150,c0140,dp109759,-18359,
f_18.00.b,f_18.00.b,r0150,c0141,dp429570,-14673,
f_18.00.b,f_18.00.b,r0150,c0142,dp429576,-3686,
f_18.00.b,f_18.00.b,r0150,c0150,dp109749,-22774,
f_18.00.b,f_18.00.b,r0150,c0196,dp429594,-22774,
f_18.00.b,f_18.00.b,r0150,c0951,dp429579,-22774,
f_18.00.b,f_18.00.b,r0180,c0130,dp109856,-695488,
f_18.00.b,f_18.00.b,r0180,c0140,dp109862,-222713,
f_18.00.b,f_18.00.b,r0180,c0141,dp429701,-194366,
f_18.00.b,f_18.00.b,r0180,c0142,dp429705,-28347,
f_18.00.b,f_18.00.b,r0180,c0150,dp109857,-472774,
f_18.00.b,f_18.00.b,r0180,c0192,dp429713,-450000,
f_18.00.b,f_18.00.b,r0180,c0196,dp429714,-22774,
f_18.00.b,f_18.00.b,r0180,c0951,dp429707,-472774,
f_18.00.b,f_18.00.b,r0181,c0130,dp154413,-181050,
f_18.00.b,f_18.00.b,r0181,c0140,dp154420,-181050,
f_18.00.b,f_18.00.b,r0181,c0141,dp430163,-181050,
f_18.00.b,f_18.00.b,r0183,c0130,dp154317,-50371,
f_18.00.b,f_18.00.b,r0183,c0140,dp154324,-50371,
f_18.00.b,f_18.00.b,r0183,c0141,dp430031,-50371,
f_18.00.b,f_18.00.b,r0184,c0130,dp154291,-120669,
f_18.00.b,f_18.00.b,r0184,c0140,dp154298,-120669,
f_18.00.b,f_18.00.b,r0184,c0141,dp430015,-120669,
f_18.00.b,f_18.00.b,r0185,c0130,dp154382,-9808,
f_18.00.b,f_18.00.b,r0185,c0140,dp154389,-9808,
f_18.00.b,f_18.00.b,r0185,c0141,dp430147,-9808,
f_18.00.b,f_18.00.b,r0186,c0130,dp154356,-203,
f_18.00.b,f_18.00.b,r0186,c0140,dp154363,-203,
f_18.00.b,f_18.00.b,r0186,c0141,dp430118,-203,
f_18.00.b,f_18.00.b,r0201,c0130,dp154421,-181050,
f_18.00.b,f_18.00.b,r0201,c0140,dp154428,-181050,
f_18.00.b,f_18.00.b,r0201,c0141,dp430164,-181050,
f_18.00.b,f_18.00.b,r0330,c0130,dp110899,-876538,
f_18.00.b,f_18.00.b,r0330,c0140,dp110905,-403764,
f_18.00.b,f_18.00.b,r0330,c0141,dp429484,-375417,
f_18.00.b,f_18.00.b,r0330,c0142,dp429486,-28347,
f_18.00.b,f_18.00.b,r0330,c0150,dp110900,-472774,
f_18.00.b,f_18.00.b,r0330,c0192,dp429489,-450000,
f_18.00.b,f_18.00.b,r0330,c0196,dp429490,-22774,
f_18.00.b,f_18.00.b,r0330,c0951,dp429487,-472774,
f_18.00.b,f_18.00.b,r0340,c0130,dp32590,22494,
f_18.00.b,f_18.00.b,r0340,c0140,dp42151,22494,
f_18.00.b,f_18.00.b,r0340,c0141,dp433734,22494,
f_18.00.b,f_18.00.b,r0400,c0130,dp42023,22494,
f_18.00.b,f_18.00.b,r0400,c0140,dp42025,22494,
f_18.00.b,f_18.00.b,r0400,c0141,dp433698,22494,
f_18.00.b,f_18.00.b,r0550,c0130,dp32640,22494,
f_18.00.b,f_18.00.b,r0550,c0140,dp42173,22494,
f_18.00.b,f_18.00.b,r0550,c0141,dp433735,22494,
f_18.00.c,f_18.00.c,r0410,c0205,dp434069,152273,
f_18.00.c,f_18.00.c,r0440,c0205,dp434053,152273,
f_18.00.c,f_18.00.c,r0550,c0205,dp434071,152273,
f_18.00.d,f_18.00.d,r0070,c0201,dp431135,276479778,
f_18.00.d,f_18.00.d,r0110,c0201,dp429960,24651398,
f_18.00.d,f_18.00.d,r0120,c0201,dp429950,53034310,
f_18.00.d,f_18.00.d,r0130,c0201,dp429940,53034310,
f_18.00.d,f_18.00.d,r0150,c0201,dp429933,198794070,
f_18.00.d,f_18.00.d,r0160,c0201,dp429936,84645085,
f_18.00.d,f_18.00.d,r0180,c0201,dp429968,276479778,
f_18.00.d,f_18.00.d,r0330,c0201,dp429480,276479778,
f_18.00.d,f_18.00.d,r0340,c0201,dp434045,5444366,
f_18.00.d,f_18.00.d,r0400,c0201,dp434025,5444366,
f_18.00.d,f_18.00.d,r0410,c0201,dp434043,2273657,
f_18.00.d,f_18.00.d,r0450,c0201,dp434035,64166,
f_18.00.d,f_18.00.d,r0470,c0201,dp434023,2209491,
f_18.00.d,f_18.00.d,r0550,c0201,dp434049,7718023,
f_18.00.e,f_18.00.e,r0340,c0010,dp42655,20112964,
f_18.00.e,f_18.00.e,r0340,c0020,dp42657,20112964,
f_18.00.e,f_18.00.e,r0340,c0056,dp433977,20112964,
f_18.00.e,f_18.00.e,r0380,c0010,dp84910,2129337,
f_18.00.e,f_18.00.e,r0380,c0020,dp84912,2129337,
f_18.00.e,f_18.00.e,r0380,c0056,dp433949,2129337,
f_18.00.e,f_18.00.e,r0400,c0010,dp42599,17983628,
f_18.00.e,f_18.00.e,r0400,c0020,dp42601,17983628,
f_18.00.e,f_18.00.e,r0400,c0056,dp433901,17983628,
f_18.00.e,f_18.00.e,r0410,c0010,dp42651,2425931,
f_18.00.e,f_18.00.e,r0410,c0020,dp42653,2425931,
f_18.00.e,f_18.00.e,r0410,c0056,dp433976,2425931,
f_18.00.e,f_18.00.e,r0440,c0010,dp42565,152273,
f_18.00.e,f_18.00.e,r0440,c0020,dp42567,152273,
f_18.00.e,f_18.00.e,r0440,c0056,dp433852,152273,
f_18.00.e,f_18.00.e,r0450,c0010,dp84906,64166,
f_18.00.e,f_18.00.e,r0450,c0020,dp84908,64166,
f_18.00.e,f_18.00.e,r0450,c0056,dp433948,64166,
f_18.00.e,f_18.00.e,r0470,c0010,dp42595,2209491,
f_18.00.e,f_18.00.e,r0470,c0020,dp42597,2209491,
f_18.00.e,f_18.00.e,r0470,c0056,dp433900,2209491,
f_18.00.e,f_18.00.e,r0480,c0010,dp42663,300000,
f_18.00.e,f_18.00.e,r0480,c0020,dp42665,300000,
f_18.00.e,f_18.00.e,r0540,c0010,dp42603,300000,
f_18.00.e,f_18.00.e,r0540,c0020,dp42605,300000,
f_18.00.e,f_18.00.e,r0550,c0010,dp42659,22838895,
f_18.00.e,f_18.00.e,r0550,c0020,dp42661,22838895,
f_18.00.e,f_18.00.e,r0550,c0056,dp433978,22538895,
f_18.01,f_18.01,r0010,c0010,dp432792,0,
f_18.01,f_18.01,r0050,c0020,dp432956,-476000,
f_18.01,f_18.01,r0060,c0020,dp432928,-476000,
f_18.01,f_18.01,r0100,c0010,dp432842,804,
f_18.01,f_18.01,r0100,c0020,dp432849,-63,
f_18.01,f_18.01,r0130,c0010,dp429492,804,
f_18.01,f_18.01,r0130,c0020,dp429493,-476063,
f_18.01,f_18.01,r0150,c0010,dp433651,804,
f_18.01,f_18.01,r0150,c0020,dp433652,-476063,
f_18.02.a,f_18.02.a,r0010,c0010,dp431736,0,
f_18.02.a,f_18.02.a,r0070,c0010,dp431304,85906511,
f_18.02.a,f_18.02.a,r0070,c0030,dp431315,85906511,
f_18.02.a,f_18.02.a,r0070,c0040,dp431316,85906511,
f_18.02.a,f_18.02.a,r0080,c0010,dp431204,21708178,
f_18.02.a,f_18.02.a,r0080,c0030,dp431213,21708178,
f_18.02.a,f_18.02.a,r0080,c0040,dp431214,21708178,
f_18.02.a,f_18.02.a,r0090,c0010,dp431170,6288674,
f_18.02.a,f_18.02.a,r0090,c0030,dp431179,6288674,
f_18.02.a,f_18.02.a,r0090,c0040,dp431180,6288674,
f_18.02.b,f_18.02.b,r0070,c0310,dp432018,84645085,
f_18.02.b,f_18.02.b,r0080,c0310,dp5488951,21516556,
f_18.02.b,f_18.02.b,r0090,c0310,dp5488942,6207328,
f_19.00.a,f_19.00.a,r0330,c0010,dp110871,0,
f_20.01,f_20.01,r0010,c0010,dp10896,633858558,
f_20.01,f_20.01,r0010,c0020,dp10897,212967439,
f_20.01,f_20.01,r0020,c0010,dp32342,5284,
f_20.01,f_20.01,r0020,c0020,dp32349,1031180,
f_20.01,f_20.01,r0030,c0010,dp32230,530836576,
f_20.01,f_20.01,r0030,c0020,dp32231,87650472,
f_20.01,f_20.01,r0040,c0010,dp32242,103016699,
f_20.01,f_20.01,r0040,c0020,dp32243,124285786,
f_20.01,f_20.01,r0050,c0020,dp11103,1292390,
f_20.01,f_20.01,r0060,c0020,dp11102,1292390,
f_20.01,f_20.01,r0096,c0010,dp152723,20000,
f_20.01,f_20.01,r0096,c0020,dp152727,218,
f_20.01,f_20.01,r0097,c0010,dp152722,20000,
f_20.01,f_20.01,r0097,c0020,dp152726,218,
f_20.01,f_20.01,r0141,c0010,dp152852,16077197,
f_20.01,f_20.01,r0141,c0020,dp152856,377949184,
f_20.01,f_20.01,r0143,c0010,dp152850,16077197,
f_20.01,f_20.01,r0143,c0020,dp152854,377949184,
f_20.01,f_20.01,r0181,c0010,dp152227,156145193,
f_20.01,f_20.01,r0181,c0020,dp152230,308196798,
f_20.01,f_20.01,r0183,c0010,dp152228,156145193,
f_20.01,f_20.01,r0183,c0020,dp152231,308196798,
f_20.01,f_20.01,r0260,c0010,dp32345,15433279,
f_20.01,f_20.01,r0260,c0020,dp32352,9897656,
f_20.01,f_20.01,r0270,c0010,dp32344,9023445,
f_20.01,f_20.01,r0270,c0020,dp32351,34255505,
f_20.01,f_20.01,r0290,c0010,dp32346,12278262,
f_20.01,f_20.01,r0290,c0020,dp32353,2552183,
f_20.01,f_20.01,r0300,c0010,dp32341,7163807,
f_20.01,f_20.01,r0300,c0020,dp32348,4928914,
f_20.01,f_20.01,r0320,c0010,dp32340,849999740,
f_20.01,f_20.01,r0320,c0020,dp32347,952040287,
f_20.02,f_20.02,r0010,c0020,dp11327,1864457,
f_20.02,f_20.02,r0020,c0020,dp11326,1864457,
f_20.02,f_20.02,r0110,c0010,dp11431,798619791,
f_20.02,f_20.02,r0110,c0020,dp11435,779385167,
f_20.02,f_20.02,r0120,c0010,dp11430,776885579,
f_20.02,f_20.02,r0120,c0020,dp11434,771960776,
f_20.02,f_20.02,r0140,c0010,dp11432,21734212,
f_20.02,f_20.02,r0140,c0020,dp11436,7424392,
f_20.02,f_20.02,r0170,c0010,dp32580,5393083,
f_20.02,f_20.02,r0170,c0020,dp32586,52501,
f_20.02,f_20.02,r0180,c0010,dp32582,6960847,
f_20.02,f_20.02,r0180,c0020,dp32588,2034380,
f_20.02,f_20.02,r0200,c0010,dp32579,27707885,
f_20.02,f_20.02,r0200,c0020,dp32585,7453281,
f_20.02,f_20.02,r0220,c0010,dp32577,838681606,
f_20.02,f_20.02,r0220,c0020,dp32583,790789786,
f_20.03,f_20.03,r0010,c0010,dp33845,3796365,
f_20.03,f_20.03,r0010,c0020,dp33849,4640718,
f_20.03,f_20.03,r0020,c0010,dp33793,2659377,
f_20.03,f_20.03,r0020,c0020,dp33798,1056491,
f_20.03,f_20.03,r0040,c0020,dp33850,1,
f_20.03,f_20.03,r0050,c0010,dp33847,20803508,
f_20.03,f_20.03,r0050,c0020,dp33851,19926124,
f_20.03,f_20.03,r0060,c0010,dp33796,7407963,
f_20.03,f_20.03,r0060,c0020,dp33801,6075188,
f_20.03,f_20.03,r0070,c0010,dp10742,-8315,
f_20.03,f_20.03,r0070,c0020,dp10743,16111,
f_20.03,f_20.03,r0080,c0010,dp10672,33839,
f_20.03,f_20.03,r0080,c0020,dp10673,-121992,
f_20.03,f_20.03,r0083,c0020,dp152743,-3101,
f_20.03,f_20.03,r0130,c0010,dp33900,1110,
f_20.03,f_20.03,r0140,c0010,dp33848,288448,
f_20.03,f_20.03,r0140,c0020,dp33852,14610,
f_20.03,f_20.03,r0150,c0010,dp33797,340817,
f_20.03,f_20.03,r0150,c0020,dp33802,549393,
f_20.03,f_20.03,r0155,c0010,dp46610,14506799,
f_20.03,f_20.03,r0155,c0020,dp46611,16791399,
f_20.03,f_20.03,r0160,c0010,dp33795,16284889,
f_20.03,f_20.03,r0160,c0020,dp33800,12092794,
f_20.03,f_20.03,r0165,c0010,dp456079,120000,
f_20.03,f_20.03,r0170,c0010,dp57012,949818,
f_20.03,f_20.03,r0170,c0020,dp57013,862889,
f_20.03,f_20.03,r0180,c0010,dp33902,1335,
f_20.03,f_20.03,r0190,c0010,dp10614,-126991,
f_20.03,f_20.03,r0190,c0020,dp10615,48808,
f_20.03,f_20.03,r0250,c0010,dp33907,-2722253,
f_20.03,f_20.03,r0250,c0020,dp33918,3786908,
f_20.03,f_20.03,r0260,c0010,dp33910,823288,
f_20.03,f_20.03,r0260,c0020,dp33921,611666,
f_20.03,f_20.03,r0270,c0010,dp33908,-3545541,
f_20.03,f_20.03,r0270,c0020,dp33919,3175242,
f_20.03,f_20.03,r0290,c0010,dp57022,-3545541,
f_20.03,f_20.03,r0290,c0020,dp57023,3175242,
f_20.04,f_20.04,r0010,c0010,dp5487756,11531,eba_GA:LU
f_20.04,f_20.04,r0010,c0010,dp5487756,1263,eba_GA:CA
f_20.04,f_20.04,r0010,c0010,dp5487756,1663,eba_GA:PL
f_20.04,f_20.04,r0010,c0010,dp5487756,1979,eba_GA:PT
f_20.04,f_20.04,r0010,c0010,dp5487756,2390,eba_GA:NL
f_20.04,f_20.04,r0010,c0010,dp5487756,4036,eba_GA:HU
f_20.04,f_20.04,r0010,c0010,dp5487756,506481,eba_GA:CH
f_20.04,f_20.04,r0010,c0010,dp5487756,635,eba_GA:LI
f_20.04,f_20.04,r0010,c0010,dp5487756,762413,eba_GA:DE
f_20.04,f_20.04,r0010,c0011,dp5487731,11531,eba_GA:LU
f_20.04,f_20.04,r0010,c0011,dp5487731,1263,eba_GA:CA
f_20.04,f_20.04,r0010,c0011,dp5487731,1663,eba_GA:PL
f_20.04,f_20.04,r0010,c0011,dp5487731,1979,eba_GA:PT
f_20.04,f_20.04,r0010,c0011,dp5487731,2390,eba_GA:NL
f_20.04,f_20.04,r0010,c0011,dp5487731,4036,eba_GA:HU
f_20.04,f_20.04,r0010,c0011,dp5487731,506481,eba_GA:CH
f_20.04,f_20.04,r0010,c0011,dp5487731,635,eba_GA:LI
f_20.04,f_20.04,r0010,c0011,dp5487731,762413,eba_GA:DE
f_20.04,f_20.04,r0020,c0010,dp5487458,45732,eba_GA:CH
f_20.04,f_20.04,r0020,c0011,dp5487734,45732,eba_GA:CH
f_20.04,f_20.04,r0030,c0010,dp5487732,10684,eba_GA:LU
f_20.04,f_20.04,r0030,c0010,dp5487732,27212,eba_GA:DE
f_20.04,f_20.04,r0030,c0010,dp5487732,440366,eba_GA:CH
f_20.04,f_20.04,r0030,c0010,dp5487732,635,eba_GA:LI
f_20.04,f_20.04,r0030,c0011,dp5487733,10684,eba_GA:LU
f_20.04,f_20.04,r0030,c0011,dp5487733,27212,eba_GA:DE
f_20.04,f_20.04,r0030,c0011,dp5487733,440366,eba_GA:CH
f_20.04,f_20.04,r0030,c0011,dp5487733,635,eba_GA:LI
f_20.04,f_20.04,r0040,c0010,dp5487755,20000,eba_GA:DE
f_20.04,f_20.04,r0040,c0010,dp5487755,218,eba_GA:CH
f_20.04,f_20.04,r0060,c0010,dp5487728,218,eba_GA:CH
f_20.04,f_20.04,r0070,c0010,dp5487456,20000,eba_GA:DE
f_20.04,f_20.04,r0075,c0010,dp5487761,137742897,eba_GA:CH
f_20.04,f_20.04,r0075,c0010,dp5487761,15020682,eba_GA:US
f_20.04,f_20.04,r0075,c0010,dp5487761,27606,eba_GA:KR
f_20.04,f_20.04,r0075,c0010,dp5487761,307380,eba_GA:LI
f_20.04,f_20.04,r0075,c0010,dp5487761,3501722,eba_GA:FR
f_20.04,f_20.04,r0075,c0010,dp5487761,682515244,eba_GA:DE
f_20.04,f_20.04,r0075,c0010,dp5487761,6840613,eba_GA:GB
f_20.04,f_20.04,r0075,c0012,dp5487619,137742897,eba_GA:CH
f_20.04,f_20.04,r0075,c0012,dp5487619,15020682,eba_GA:US
f_20.04,f_20.04,r0075,c0012,dp5487619,27606,eba_GA:KR
f_20.04,f_20.04,r0075,c0012,dp5487619,307380,eba_GA:LI
f_20.04,f_20.04,r0075,c0012,dp5487619,3501722,eba_GA:FR
f_20.04,f_20.04,r0075,c0012,dp5487619,682515244,eba_GA:DE
f_20.04,f_20.04,r0075,c0012,dp5487619,6840613,eba_GA:GB
f_20.04,f_20.04,r0075,c0031,dp5487888,-102564,eba_GA:DE
f_20.04,f_20.04,r0075,c0031,dp5487888,-18025,eba_GA:US
f_20.04,f_20.04,r0075,c0031,dp5487888,-3,eba_GA:LI
f_20.04,f_20.04,r0075,c0031,dp5487888,-33,eba_GA:KR
f_20.04,f_20.04,r0075,c0031,dp5487888,-350,eba_GA:FR
f_20.04,f_20.04,r0075,c0031,dp5487888,-39027,eba_GA:CH
f_20.04,f_20.04,r0075,c0031,dp5487888,-6610,eba_GA:GB
f_20.04,f_20.04,r0080,c0010,dp5487754,10907048,eba_GA:AU
f_20.04,f_20.04,r0080,c0010,dp5487754,130466241,eba_GA:DE
f_20.04,f_20.04,r0080,c0010,dp5487754,14633604,eba_GA:CH
f_20.04,f_20.04,r0080,c0010,dp5487754,1544447,eba_GA:SE
f_20.04,f_20.04,r0080,c0010,dp5487754,16550578,eba_GA:LU
f_20.04,f_20.04,r0080,c0010,dp5487754,1720047,eba_GA:qx2000
f_20.04,f_20.04,r0080,c0010,dp5487754,17259975,eba_GA:CA
f_20.04,f_20.04,r0080,c0010,dp5487754,17989517,eba_GA:PL
f_20.04,f_20.04,r0080,c0010,dp5487754,20622169,eba_GA:AT
f_20.04,f_20.04,r0080,c0010,dp5487754,3702010,eba_GA:FI
f_20.04,f_20.04,r0080,c0010,dp5487754,41020234,eba_GA:NL
f_20.04,f_20.04,r0080,c0010,dp5487754,41242034,eba_GA:FR
f_20.04,f_20.04,r0080,c0010,dp5487754,68013021,eba_GA:US
f_20.04,f_20.04,r0080,c0010,dp5487754,9833160,eba_GA:ES
f_20.04,f_20.04,r0080,c0012,dp5487773,10907048,eba_GA:AU
f_20.04,f_20.04,r0080,c0012,dp5487773,130466241,eba_GA:DE
f_20.04,f_20.04,r0080,c0012,dp5487773,14633604,eba_GA:CH
f_20.04,f_20.04,r0080,c0012,dp5487773,1544447,eba_GA:SE
f_20.04,f_20.04,r0080,c0012,dp5487773,16550578,eba_GA:LU
f_20.04,f_20.04,r0080,c0012,dp5487773,1720047,eba_GA:qx2000
f_20.04,f_20.04,r0080,c0012,dp5487773,17259975,eba_GA:CA
f_20.04,f_20.04,r0080,c0012,dp5487773,17989517,eba_GA:PL
f_20.04,f_20.04,r0080,c0012,dp5487773,20622169,eba_GA:AT
f_20.04,f_20.04,r0080,c0012,dp5487773,3702010,eba_GA:FI
f_20.04,f_20.04,r0080,c0012,dp5487773,41020234,eba_GA:NL
f_20.04,f_20.04,r0080,c0012,dp5487773,41242034,eba_GA:FR
f_20.04,f_20.04,r0080,c0012,dp5487773,68013021,eba_GA:US
f_20.04,f_20.04,r0080,c0012,dp5487773,9833160,eba_GA:ES
f_20.04,f_20.04,r0080,c0031,dp5487932,-10484,eba_GA:CA
f_20.04,f_20.04,r0080,c0031,dp5487932,-11291,eba_GA:NL
f_20.04,f_20.04,r0080,c0031,dp5487932,-1542,eba_GA:CH
f_20.04,f_20.04,r0080,c0031,dp5487932,-16382,eba_GA:PL
f_20.04,f_20.04,r0080,c0031,dp5487932,-1656,eba_GA:LU
f_20.04,f_20.04,r0080,c0031,dp5487932,-19,eba_GA:SE
f_20.04,f_20.04,r0080,c0031,dp5487932,-2070,eba_GA:AT
f_20.04,f_20.04,r0080,c0031,dp5487932,-3282,eba_GA:AU
f_20.04,f_20.04,r0080,c0031,dp5487932,-34740,eba_GA:US
f_20.04,f_20.04,r0080,c0031,dp5487932,-4095,eba_GA:ES
f_20.04,f_20.04,r0080,c0031,dp5487932,-46951,eba_GA:DE
f_20.04,f_20.04,r0080,c0031,dp5487932,-47947,eba_GA:FR
f_20.04,f_20.04,r0080,c0031,dp5487932,-494,eba_GA:FI
f_20.04,f_20.04,r0080,c0031,dp5487932,-96,eba_GA:qx2000
f_20.04,f_20.04,r0100,c0010,dp5487433,17925477,eba_GA:FR
f_20.04,f_20.04,r0100,c0010,dp5487433,17989517,eba_GA:PL
f_20.04,f_20.04,r0100,c0010,dp5487433,20622169,eba_GA:AT
f_20.04,f_20.04,r0100,c0010,dp5487433,32562735,eba_GA:US
f_20.04,f_20.04,r0100,c0010,dp5487433,3702010,eba_GA:FI
f_20.04,f_20.04,r0100,c0010,dp5487433,48764841,eba_GA:DE
f_20.04,f_20.04,r0100,c0012,dp5487772,17925477,eba_GA:FR
f_20.04,f_20.04,r0100,c0012,dp5487772,17989517,eba_GA:PL
f_20.04,f_20.04,r0100,c0012,dp5487772,20622169,eba_GA:AT
f_20.04,f_20.04,r0100,c0012,dp5487772,32562735,eba_GA:US
f_20.04,f_20.04,r0100,c0012,dp5487772,3702010,eba_GA:FI
f_20.04,f_20.04,r0100,c0012,dp5487772,48764841,eba_GA:DE
f_20.04,f_20.04,r0100,c0031,dp5487933,-16382,eba_GA:PL
f_20.04,f_20.04,r0100,c0031,dp5487933,-2070,eba_GA:AT
f_20.04,f_20.04,r0100,c0031,dp5487933,-22304,eba_GA:FR
f_20.04,f_20.04,r0100,c0031,dp5487933,-3364,eba_GA:US
f_20.04,f_20.04,r0100,c0031,dp5487933,-494,eba_GA:FI
f_20.04,f_20.04,r0100,c0031,dp5487933,-5756,eba_GA:DE
f_20.04,f_20.04,r0110,c0010,dp5487436,10907048,eba_GA:AU
f_20.04,f_20.04,r0110,c0010,dp5487436,14633604,eba_GA:CH
f_20.04,f_20.04,r0110,c0010,dp5487436,1544447,eba_GA:SE
f_20.04,f_20.04,r0110,c0010,dp5487436,16550578,eba_GA:LU
f_20.04,f_20.04,r0110,c0010,dp5487436,17259975,eba_GA:CA
f_20.04,f_20.04,r0110,c0010,dp5487436,22738863,eba_GA:NL
f_20.04,f_20.04,r0110,c0010,dp5487436,23316556,eba_GA:FR
f_20.04,f_20.04,r0110,c0010,dp5487436,34080096,eba_GA:US
f_20.04,f_20.04,r0110,c0010,dp5487436,80791639,eba_GA:DE
f_20.04,f_20.04,r0110,c0010,dp5487436,9833160,eba_GA:ES
f_20.04,f_20.04,r0110,c0012,dp5487628,10907048,eba_GA:AU
f_20.04,f_20.04,r0110,c0012,dp5487628,14633604,eba_GA:CH
f_20.04,f_20.04,r0110,c0012,dp5487628,1544447,eba_GA:SE
f_20.04,f_20.04,r0110,c0012,dp5487628,16550578,eba_GA:LU
f_20.04,f_20.04,r0110,c0012,dp5487628,17259975,eba_GA:CA
f_20.04,f_20.04,r0110,c0012,dp5487628,22738863,eba_GA:NL
f_20.04,f_20.04,r0110,c0012,dp5487628,23316556,eba_GA:FR
f_20.04,f_20.04,r0110,c0012,dp5487628,34080096,eba_GA:US
f_20.04,f_20.04,r0110,c0012,dp5487628,80791639,eba_GA:DE
f_20.04,f_20.04,r0110,c0012,dp5487628,9833160,eba_GA:ES
f_20.04,f_20.04,r0110,c0031,dp5487935,-10484,eba_GA:CA
f_20.04,f_20.04,r0110,c0031,dp5487935,-1542,eba_GA:CH
f_20.04,f_20.04,r0110,c0031,dp5487935,-1656,eba_GA:LU
f_20.04,f_20.04,r0110,c0031,dp5487935,-19,eba_GA:SE
f_20.04,f_20.04,r0110,c0031,dp5487935,-2313,eba_GA:NL
f_20.04,f_20.04,r0110,c0031,dp5487935,-25643,eba_GA:FR
f_20.04,f_20.04,r0110,c0031,dp5487935,-30642,eba_GA:US
f_20.04,f_20.04,r0110,c0031,dp5487935,-3282,eba_GA:AU
f_20.04,f_20.04,r0110,c0031,dp5487935,-4095,eba_GA:ES
f_20.04,f_20.04,r0110,c0031,dp5487935,-40992,eba_GA:DE
f_20.04,f_20.04,r0120,c0010,dp5487437,1370190,eba_GA:US
f_20.04,f_20.04,r0120,c0010,dp5487437,1720047,eba_GA:qx2000
f_20.04,f_20.04,r0120,c0010,dp5487437,18281371,eba_GA:NL
f_20.04,f_20.04,r0120,c0012,dp5487627,1370190,eba_GA:US
f_20.04,f_20.04,r0120,c0012,dp5487627,1720047,eba_GA:qx2000
f_20.04,f_20.04,r0120,c0012,dp5487627,18281371,eba_GA:NL
f_20.04,f_20.04,r0120,c0031,dp5487936,-734,eba_GA:US
f_20.04,f_20.04,r0120,c0031,dp5487936,-8978,eba_GA:NL
f_20.04,f_20.04,r0120,c0031,dp5487936,-96,eba_GA:qx2000
f_20.04,f_20.04,r0130,c0010,dp5487720,909762,eba_GA:DE
f_20.04,f_20.04,r0130,c0012,dp5487770,909762,eba_GA:DE
f_20.04,f_20.04,r0130,c0031,dp5487920,-203,eba_GA:DE
f_20.04,f_20.04,r0140,c0010,dp5487613,0,eba_GA:HR
f_20.04,f_20.04,r0140,c0010,dp5487613,10021093,eba_GA:NL
f_20.04,f_20.04,r0140,c0010,dp5487613,1374,eba_GA:VG
f_20.04,f_20.04,r0140,c0010,dp5487613,165,eba_GA:ZA
f_20.04,f_20.04,r0140,c0010,dp5487613,177053,eba_GA:LI
f_20.04,f_20.04,r0140,c0010,dp5487613,2,eba_GA:JP
f_20.04,f_20.04,r0140,c0010,dp5487613,2299663,eba_GA:IT
f_20.04,f_20.04,r0140,c0010,dp5487613,2507718,eba_GA:AT
f_20.04,f_20.04,r0140,c0010,dp5487613,265,eba_GA:SA
f_20.04,f_20.04,r0140,c0010,dp5487613,342445737,eba_GA:DE
f_20.04,f_20.04,r0140,c0010,dp5487613,4105204,eba_GA:US
f_20.04,f_20.04,r0140,c0010,dp5487613,455813,eba_GA:LU
f_20.04,f_20.04,r0140,c0010,dp5487613,46521,eba_GA:FR
f_20.04,f_20.04,r0140,c0010,dp5487613,5141055,eba_GA:ES
f_20.04,f_20.04,r0140,c0010,dp5487613,700957,eba_GA:HU
f_20.04,f_20.04,r0140,c0010,dp5487613,7315,eba_GA:HK
f_20.04,f_20.04,r0140,c0010,dp5487613,774776,eba_GA:LT
f_20.04,f_20.04,r0140,c0010,dp5487613,96186157,eba_GA:CH
f_20.04,f_20.04,r0140,c0012,dp5487547,0,eba_GA:HR
f_20.04,f_20.04,r0140,c0012,dp5487547,10021093,eba_GA:NL
f_20.04,f_20.04,r0140,c0012,dp5487547,1374,eba_GA:VG
f_20.04,f_20.04,r0140,c0012,dp5487547,165,eba_GA:ZA
f_20.04,f_20.04,r0140,c0012,dp5487547,177053,eba_GA:LI
f_20.04,f_20.04,r0140,c0012,dp5487547,2,eba_GA:JP
f_20.04,f_20.04,r0140,c0012,dp5487547,2299663,eba_GA:IT
f_20.04,f_20.04,r0140,c0012,dp5487547,2507718,eba_GA:AT
f_20.04,f_20.04,r0140,c0012,dp5487547,265,eba_GA:SA
f_20.04,f_20.04,r0140,c0012,dp5487547,342445737,eba_GA:DE
f_20.04,f_20.04,r0140,c0012,dp5487547,4105204,eba_GA:US
f_20.04,f_20.04,r0140,c0012,dp5487547,455813,eba_GA:LU
f_20.04,f_20.04,r0140,c0012,dp5487547,46521,eba_GA:FR
f_20.04,f_20.04,r0140,c0012,dp5487547,5141055,eba_GA:ES
f_20.04,f_20.04,r0140,c0012,dp5487547,700957,eba_GA:HU
f_20.04,f_20.04,r0140,c0012,dp5487547,7315,eba_GA:HK
f_20.04,f_20.04,r0140,c0012,dp5487547,774776,eba_GA:LT
f_20.04,f_20.04,r0140,c0012,dp5487547,96186157,eba_GA:CH
f_20.04,f_20.04,r0140,c0025,dp5487830,597817,eba_GA:DE
f_20.04,f_20.04,r0140,c0026,dp5487783,597817,eba_GA:DE
f_20.04,f_20.04,r0140,c0031,dp5487914,-3943,eba_GA:AT
f_20.04,f_20.04,r0140,c0031,dp5487914,-5003,eba_GA:NL
f_20.04,f_20.04,r0140,c0031,dp5487914,-519930,eba_GA:DE
f_20.04,f_20.04,r0170,c0010,dp5487465,163552663,eba_GA:DE
f_20.04,f_20.04,r0170,c0012,dp5487544,163552663,eba_GA:DE
f_20.04,f_20.04,r0170,c0031,dp5487930,-28797,eba_GA:DE
f_20.04,f_20.04,r0180,c0010,dp5487461,10005448,eba_GA:NL
f_20.04,f_20.04,r0180,c0010,dp5487461,2299659,eba_GA:IT
f_20.04,f_20.04,r0180,c0010,dp5487461,3822370,eba_GA:US
f_20.04,f_20.04,r0180,c0010,dp5487461,7657483,eba_GA:DE
f_20.04,f_20.04,r0180,c0010,dp5487461,954273,eba_GA:CH
f_20.04,f_20.04,r0180,c0012,dp5487543,10005448,eba_GA:NL
f_20.04,f_20.04,r0180,c0012,dp5487543,2299659,eba_GA:IT
f_20.04,f_20.04,r0180,c0012,dp5487543,3822370,eba_GA:US
f_20.04,f_20.04,r0180,c0012,dp5487543,7657483,eba_GA:DE
f_20.04,f_20.04,r0180,c0012,dp5487543,954273,eba_GA:CH
f_20.04,f_20.04,r0180,c0031,dp5487918,-5003,eba_GA:NL
f_20.04,f_20.04,r0190,c0010,dp5487743,1007926,eba_GA:AT
f_20.04,f_20.04,r0190,c0010,dp5487743,1374,eba_GA:VG
f_20.04,f_20.04,r0190,c0010,dp5487743,15645,eba_GA:NL
f_20.04,f_20.04,r0190,c0010,dp5487743,455813,eba_GA:LU
f_20.04,f_20.04,r0190,c0010,dp5487743,46521,eba_GA:FR
f_20.04,f_20.04,r0190,c0010,dp5487743,49365599,eba_GA:DE
f_20.04,f_20.04,r0190,c0010,dp5487743,5000,eba_GA:CH
f_20.04,f_20.04,r0190,c0010,dp5487743,5141055,eba_GA:ES
f_20.04,f_20.04,r0190,c0012,dp5487757,1007926,eba_GA:AT
f_20.04,f_20.04,r0190,c0012,dp5487757,1374,eba_GA:VG
f_20.04,f_20.04,r0190,c0012,dp5487757,15645,eba_GA:NL
f_20.04,f_20.04,r0190,c0012,dp5487757,455813,eba_GA:LU
f_20.04,f_20.04,r0190,c0012,dp5487757,46521,eba_GA:FR
f_20.04,f_20.04,r0190,c0012,dp5487757,49365599,eba_GA:DE
f_20.04,f_20.04,r0190,c0012,dp5487757,5000,eba_GA:CH
f_20.04,f_20.04,r0190,c0012,dp5487757,5141055,eba_GA:ES
f_20.04,f_20.04,r0190,c0025,dp5487831,535500,eba_GA:DE
f_20.04,f_20.04,r0190,c0026,dp5487548,535500,eba_GA:DE
f_20.04,f_20.04,r0190,c0031,dp5487887,-3943,eba_GA:AT
f_20.04,f_20.04,r0190,c0031,dp5487887,-450000,eba_GA:DE
f_20.04,f_20.04,r0200,c0010,dp5487463,1374,eba_GA:VG
f_20.04,f_20.04,r0200,c0010,dp5487463,15645,eba_GA:NL
f_20.04,f_20.04,r0200,c0010,dp5487463,455813,eba_GA:LU
f_20.04,f_20.04,r0200,c0010,dp5487463,49341692,eba_GA:DE
f_20.04,f_20.04,r0200,c0010,dp5487463,5000,eba_GA:CH
f_20.04,f_20.04,r0200,c0010,dp5487463,5141055,eba_GA:ES
f_20.04,f_20.04,r0200,c0012,dp5487788,1374,eba_GA:VG
f_20.04,f_20.04,r0200,c0012,dp5487788,15645,eba_GA:NL
f_20.04,f_20.04,r0200,c0012,dp5487788,455813,eba_GA:LU
f_20.04,f_20.04,r0200,c0012,dp5487788,49341692,eba_GA:DE
f_20.04,f_20.04,r0200,c0012,dp5487788,5000,eba_GA:CH
f_20.04,f_20.04,r0200,c0012,dp5487788,5141055,eba_GA:ES
f_20.04,f_20.04,r0200,c0025,dp5487470,535500,eba_GA:DE
f_20.04,f_20.04,r0200,c0026,dp5487538,535500,eba_GA:DE
f_20.04,f_20.04,r0200,c0031,dp5487917,-450000,eba_GA:DE
f_20.04,f_20.04,r0220,c0010,dp5487735,0,eba_GA:HR
f_20.04,f_20.04,r0220,c0010,dp5487735,121869992,eba_GA:DE
f_20.04,f_20.04,r0220,c0010,dp5487735,1499792,eba_GA:AT
f_20.04,f_20.04,r0220,c0010,dp5487735,165,eba_GA:ZA
f_20.04,f_20.04,r0220,c0010,dp5487735,177053,eba_GA:LI
f_20.04,f_20.04,r0220,c0010,dp5487735,2,eba_GA:JP
f_20.04,f_20.04,r0220,c0010,dp5487735,265,eba_GA:SA
f_20.04,f_20.04,r0220,c0010,dp5487735,282834,eba_GA:US
f_20.04,f_20.04,r0220,c0010,dp5487735,5,eba_GA:IT
f_20.04,f_20.04,r0220,c0010,dp5487735,700957,eba_GA:HU
f_20.04,f_20.04,r0220,c0010,dp5487735,7315,eba_GA:HK
f_20.04,f_20.04,r0220,c0010,dp5487735,774776,eba_GA:LT
f_20.04,f_20.04,r0220,c0010,dp5487735,95226884,eba_GA:CH
f_20.04,f_20.04,r0220,c0012,dp5487542,0,eba_GA:HR
f_20.04,f_20.04,r0220,c0012,dp5487542,121869992,eba_GA:DE
f_20.04,f_20.04,r0220,c0012,dp5487542,1499792,eba_GA:AT
f_20.04,f_20.04,r0220,c0012,dp5487542,165,eba_GA:ZA
f_20.04,f_20.04,r0220,c0012,dp5487542,177053,eba_GA:LI
f_20.04,f_20.04,r0220,c0012,dp5487542,2,eba_GA:JP
f_20.04,f_20.04,r0220,c0012,dp5487542,265,eba_GA:SA
f_20.04,f_20.04,r0220,c0012,dp5487542,282834,eba_GA:US
f_20.04,f_20.04,r0220,c0012,dp5487542,5,eba_GA:IT
f_20.04,f_20.04,r0220,c0012,dp5487542,700957,eba_GA:HU
f_20.04,f_20.04,r0220,c0012,dp5487542,7315,eba_GA:HK
f_20.04,f_20.04,r0220,c0012,dp5487542,774776,eba_GA:LT
f_20.04,f_20.04,r0220,c0012,dp5487542,95226884,eba_GA:CH
f_20.04,f_20.04,r0220,c0025,dp5487748,62317,eba_GA:DE
f_20.04,f_20.04,r0220,c0026,dp5487784,62317,eba_GA:DE
f_20.04,f_20.04,r0220,c0031,dp5487931,-41133,eba_GA:DE
f_20.04,f_20.04,r0230,c0010,dp5487460,13064170,eba_GA:DE
f_20.04,f_20.04,r0230,c0010,dp5487460,177053,eba_GA:LI
f_20.04,f_20.04,r0230,c0010,dp5487460,72665288,eba_GA:CH
f_20.04,f_20.04,r0230,c0012,dp5487541,13064170,eba_GA:DE
f_20.04,f_20.04,r0230,c0012,dp5487541,177053,eba_GA:LI
f_20.04,f_20.04,r0230,c0012,dp5487541,72665288,eba_GA:CH
f_20.05.a,f_20.05.a,r0010,c0010,dp5486602,14595548,eba_GA:DE
f_20.05.a,f_20.05.a,r0010,c0010,dp5486602,5517416,eba_GA:CH
f_20.05.a,f_20.05.a,r0020,c0010,dp5486603,10000,eba_GA:LT
f_20.05.a,f_20.05.a,r0020,c0010,dp5486603,10877,eba_GA:JP
f_20.05.a,f_20.05.a,r0020,c0010,dp5486603,13046,eba_GA:VG
f_20.05.a,f_20.05.a,r0020,c0010,dp5486603,15000,eba_GA:IT
f_20.05.a,f_20.05.a,r0020,c0010,dp5486603,2266066,eba_GA:DE
f_20.05.a,f_20.05.a,r0020,c0010,dp5486603,43507,eba_GA:GB
f_20.05.a,f_20.05.a,r0020,c0010,dp5486603,67435,eba_GA:CH
f_20.05.a,f_20.05.a,r0030,c0010,dp5486593,300000,eba_GA:DE
f_20.05.b,f_20.05.b,r0010,c0030,dp5486444,22494,eba_GA:DE
f_20.06,f_20.06,r0010,c0010,dp5486450,1539681,eba_GA:CH
f_20.06,f_20.06,r0010,c0010,dp5486450,166,eba_GA:US
f_20.06,f_20.06,r0010,c0010,dp5486450,21457,eba_GA:NL
f_20.06,f_20.06,r0010,c0010,dp5486450,303152,eba_GA:DE
f_20.06,f_20.06,r0020,c0010,dp5486449,303152,eba_GA:DE
f_20.06,f_20.06,r0020,c0010,dp5486449,425242,eba_GA:CH
f_20.06,f_20.06,r0030,c0010,dp5486448,15128,eba_GA:CH
f_20.06,f_20.06,r0070,c0010,dp5486071,101804,eba_GA:HK
f_20.06,f_20.06,r0070,c0010,dp5486071,1048732,eba_GA:NL
f_20.06,f_20.06,r0070,c0010,dp5486071,1100214,eba_GA:CY
f_20.06,f_20.06,r0070,c0010,dp5486071,110024,eba_GA:SI
f_20.06,f_20.06,r0070,c0010,dp5486071,1117,eba_GA:IM
f_20.06,f_20.06,r0070,c0010,dp5486071,111939,eba_GA:MT
f_20.06,f_20.06,r0070,c0010,dp5486071,1283001981,eba_GA:DE
f_20.06,f_20.06,r0070,c0010,dp5486071,141524,eba_GA:AO
f_20.06,f_20.06,r0070,c0010,dp5486071,14690,eba_GA:DK
f_20.06,f_20.06,r0070,c0010,dp5486071,153,eba_GA:SD
f_20.06,f_20.06,r0070,c0010,dp5486071,185335,eba_GA:BR
f_20.06,f_20.06,r0070,c0010,dp5486071,19090,eba_GA:MH
f_20.06,f_20.06,r0070,c0010,dp5486071,19500,eba_GA:PY
f_20.06,f_20.06,r0070,c0010,dp5486071,198262,eba_GA:SG
f_20.06,f_20.06,r0070,c0010,dp5486071,207296,eba_GA:CN
f_20.06,f_20.06,r0070,c0010,dp5486071,208814,eba_GA:CL
f_20.06,f_20.06,r0070,c0010,dp5486071,2093274,eba_GA:IT
f_20.06,f_20.06,r0070,c0010,dp5486071,2117715,eba_GA:AT
f_20.06,f_20.06,r0070,c0010,dp5486071,216536,eba_GA:SK
f_20.06,f_20.06,r0070,c0010,dp5486071,217917,eba_GA:SE
f_20.06,f_20.06,r0070,c0010,dp5486071,222151,eba_GA:JP
f_20.06,f_20.06,r0070,c0010,dp5486071,229961703,eba_GA:CH
f_20.06,f_20.06,r0070,c0010,dp5486071,23258,eba_GA:SC
f_20.06,f_20.06,r0070,c0010,dp5486071,260308,eba_GA:CA
f_20.06,f_20.06,r0070,c0010,dp5486071,26705,eba_GA:CZ
f_20.06,f_20.06,r0070,c0010,dp5486071,26876,eba_GA:CR
f_20.06,f_20.06,r0070,c0010,dp5486071,2733,eba_GA:AR
f_20.06,f_20.06,r0070,c0010,dp5486071,3072,eba_GA:GR
f_20.06,f_20.06,r0070,c0010,dp5486071,358140,eba_GA:PT
f_20.06,f_20.06,r0070,c0010,dp5486071,362545,eba_GA:TH
f_20.06,f_20.06,r0070,c0010,dp5486071,3659,eba_GA:KY
f_20.06,f_20.06,r0070,c0010,dp5486071,3868223,eba_GA:LI
f_20.06,f_20.06,r0070,c0010,dp5486071,3921,eba_GA:IN
f_20.06,f_20.06,r0070,c0010,dp5486071,401018,eba_GA:FR
f_20.06,f_20.06,r0070,c0010,dp5486071,402079,eba_GA:ZA
f_20.06,f_20.06,r0070,c0010,dp5486071,4078171,eba_GA:LU
f_20.06,f_20.06,r0070,c0010,dp5486071,4444,eba_GA:BE
f_20.06,f_20.06,r0070,c0010,dp5486071,45246,eba_GA:HR
f_20.06,f_20.06,r0070,c0010,dp5486071,460,eba_GA:GG
f_20.06,f_20.06,r0070,c0010,dp5486071,4831275,eba_GA:US
f_20.06,f_20.06,r0070,c0010,dp5486071,5649,eba_GA:AU
f_20.06,f_20.06,r0070,c0010,dp5486071,607119,eba_GA:HU
f_20.06,f_20.06,r0070,c0010,dp5486071,622012,eba_GA:ES
f_20.06,f_20.06,r0070,c0010,dp5486071,680464,eba_GA:LT
f_20.06,f_20.06,r0070,c0010,dp5486071,71747,eba_GA:IE
f_20.06,f_20.06,r0070,c0010,dp5486071,732094,eba_GA:TR
f_20.06,f_20.06,r0070,c0010,dp5486071,75991,eba_GA:BG
f_20.06,f_20.06,r0070,c0010,dp5486071,763997,eba_GA:AE
f_20.06,f_20.06,r0070,c0010,dp5486071,76768,eba_GA:PL
f_20.06,f_20.06,r0070,c0010,dp5486071,818323,eba_GA:VG
f_20.06,f_20.06,r0070,c0010,dp5486071,8390283,eba_GA:GB
f_20.06,f_20.06,r0090,c0010,dp5486447,8817351,eba_GA:DE
f_20.06,f_20.06,r0100,c0010,dp5486072,288447,eba_GA:LI
f_20.06,f_20.06,r0100,c0010,dp5486072,351000,eba_GA:LU
f_20.06,f_20.06,r0100,c0010,dp5486072,4444,eba_GA:BE
f_20.06,f_20.06,r0100,c0010,dp5486072,52105777,eba_GA:DE
f_20.06,f_20.06,r0100,c0010,dp5486072,7407915,eba_GA:GB
f_20.06,f_20.06,r0100,c0010,dp5486072,80332892,eba_GA:CH
f_20.06,f_20.06,r0110,c0010,dp5486074,103801491,eba_GA:CH
f_20.06,f_20.06,r0110,c0010,dp5486074,15793791,eba_GA:DE
f_20.06,f_20.06,r0110,c0010,dp5486074,18309,eba_GA:CR
f_20.06,f_20.06,r0110,c0010,dp5486074,19090,eba_GA:MH
f_20.06,f_20.06,r0110,c0010,dp5486074,23258,eba_GA:SC
f_20.06,f_20.06,r0110,c0010,dp5486074,2344911,eba_GA:US
f_20.06,f_20.06,r0110,c0010,dp5486074,238894,eba_GA:VG
f_20.06,f_20.06,r0110,c0010,dp5486074,3088337,eba_GA:LI
f_20.06,f_20.06,r0110,c0010,dp5486074,3323272,eba_GA:LU
f_20.06,f_20.06,r0110,c0010,dp5486074,829890,eba_GA:IT
f_20.06,f_20.06,r0120,c0010,dp5486073,1117,eba_GA:IM
f_20.06,f_20.06,r0120,c0010,dp5486073,111939,eba_GA:MT
f_20.06,f_20.06,r0120,c0010,dp5486073,1326,eba_GA:US
f_20.06,f_20.06,r0120,c0010,dp5486073,153,eba_GA:SD
f_20.06,f_20.06,r0120,c0010,dp5486073,165664,eba_GA:ES
f_20.06,f_20.06,r0120,c0010,dp5486073,1977,eba_GA:CA
f_20.06,f_20.06,r0120,c0010,dp5486073,215073,eba_GA:SK
f_20.06,f_20.06,r0120,c0010,dp5486073,219507,eba_GA:HU
f_20.06,f_20.06,r0120,c0010,dp5486073,271575,eba_GA:NL
f_20.06,f_20.06,r0120,c0010,dp5486073,284069,eba_GA:AT
f_20.06,f_20.06,r0120,c0010,dp5486073,340,eba_GA:DK
f_20.06,f_20.06,r0120,c0010,dp5486073,355365180,eba_GA:DE
f_20.06,f_20.06,r0120,c0010,dp5486073,360984,eba_GA:LU
f_20.06,f_20.06,r0120,c0010,dp5486073,45336,eba_GA:SI
f_20.06,f_20.06,r0120,c0010,dp5486073,579429,eba_GA:VG
f_20.06,f_20.06,r0120,c0010,dp5486073,8400963,eba_GA:CH
f_20.06,f_20.06,r0120,c0010,dp5486073,84110,eba_GA:SG
f_20.06,f_20.06,r0120,c0010,dp5486073,91715,eba_GA:LI
f_20.06,f_20.06,r0130,c0010,dp5486445,101804,eba_GA:HK
f_20.06,f_20.06,r0130,c0010,dp5486445,1100214,eba_GA:CY
f_20.06,f_20.06,r0130,c0010,dp5486445,114152,eba_GA:SG
f_20.06,f_20.06,r0130,c0010,dp5486445,1263385,eba_GA:IT
f_20.06,f_20.06,r0130,c0010,dp5486445,141524,eba_GA:AO
f_20.06,f_20.06,r0130,c0010,dp5486445,14350,eba_GA:DK
f_20.06,f_20.06,r0130,c0010,dp5486445,1463,eba_GA:SK
f_20.06,f_20.06,r0130,c0010,dp5486445,1833647,eba_GA:AT
f_20.06,f_20.06,r0130,c0010,dp5486445,185335,eba_GA:BR
f_20.06,f_20.06,r0130,c0010,dp5486445,19500,eba_GA:PY
f_20.06,f_20.06,r0130,c0010,dp5486445,207296,eba_GA:CN
f_20.06,f_20.06,r0130,c0010,dp5486445,208814,eba_GA:CL
f_20.06,f_20.06,r0130,c0010,dp5486445,217917,eba_GA:SE
f_20.06,f_20.06,r0130,c0010,dp5486445,222151,eba_GA:JP
f_20.06,f_20.06,r0130,c0010,dp5486445,2485038,eba_GA:US
f_20.06,f_20.06,r0130,c0010,dp5486445,258331,eba_GA:CA
f_20.06,f_20.06,r0130,c0010,dp5486445,26705,eba_GA:CZ
f_20.06,f_20.06,r0130,c0010,dp5486445,2733,eba_GA:AR
f_20.06,f_20.06,r0130,c0010,dp5486445,3072,eba_GA:GR
f_20.06,f_20.06,r0130,c0010,dp5486445,358140,eba_GA:PT
f_20.06,f_20.06,r0130,c0010,dp5486445,362545,eba_GA:TH
f_20.06,f_20.06,r0130,c0010,dp5486445,3659,eba_GA:KY
f_20.06,f_20.06,r0130,c0010,dp5486445,37426356,eba_GA:CH
f_20.06,f_20.06,r0130,c0010,dp5486445,387612,eba_GA:HU
f_20.06,f_20.06,r0130,c0010,dp5486445,3921,eba_GA:IN
f_20.06,f_20.06,r0130,c0010,dp5486445,399724,eba_GA:LI
f_20.06,f_20.06,r0130,c0010,dp5486445,401018,eba_GA:FR
f_20.06,f_20.06,r0130,c0010,dp5486445,402079,eba_GA:ZA
f_20.06,f_20.06,r0130,c0010,dp5486445,42915,eba_GA:LU
f_20.06,f_20.06,r0130,c0010,dp5486445,45246,eba_GA:HR
f_20.06,f_20.06,r0130,c0010,dp5486445,456349,eba_GA:ES
f_20.06,f_20.06,r0130,c0010,dp5486445,460,eba_GA:GG
f_20.06,f_20.06,r0130,c0010,dp5486445,5649,eba_GA:AU
f_20.06,f_20.06,r0130,c0010,dp5486445,64688,eba_GA:SI
f_20.06,f_20.06,r0130,c0010,dp5486445,680464,eba_GA:LT
f_20.06,f_20.06,r0130,c0010,dp5486445,71747,eba_GA:IE
f_20.06,f_20.06,r0130,c0010,dp5486445,732094,eba_GA:TR
f_20.06,f_20.06,r0130,c0010,dp5486445,75991,eba_GA:BG
f_20.06,f_20.06,r0130,c0010,dp5486445,763997,eba_GA:AE
f_20.06,f_20.06,r0130,c0010,dp5486445,76768,eba_GA:PL
f_20.06,f_20.06,r0130,c0010,dp5486445,777157,eba_GA:NL
f_20.06,f_20.06,r0130,c0010,dp5486445,850919882,eba_GA:DE
f_20.06,f_20.06,r0130,c0010,dp5486445,8567,eba_GA:CR
f_20.06,f_20.06,r0130,c0010,dp5486445,982367,eba_GA:GB
f_20.07.1,f_20.07.1,r0030,c0010,dp5487606,0,eba_GA:CH
f_20.07.1,f_20.07.1,r0030,c0010,dp5487606,1354844,eba_GA:DE
f_20.07.1,f_20.07.1,r0030,c0011,dp5487607,0,eba_GA:CH
f_20.07.1,f_20.07.1,r0030,c0011,dp5487607,1354844,eba_GA:DE
f_20.07.1,f_20.07.1,r0040,c0010,dp5487827,20905,eba_GA:DE
f_20.07.1,f_20.07.1,r0040,c0011,dp5487605,20905,eba_GA:DE
f_20.07.1,f_20.07.1,r0060,c0010,dp5487599,18173,eba_GA:DE
f_20.07.1,f_20.07.1,r0060,c0010,dp5487599,46521,eba_GA:FR
f_20.07.1,f_20.07.1,r0060,c0011,dp5487600,18173,eba_GA:DE
f_20.07.1,f_20.07.1,r0060,c0011,dp5487600,46521,eba_GA:FR
f_20.07.1,f_20.07.1,r0070,c0010,dp5487824,611786,eba_GA:DE
f_20.07.1,f_20.07.1,r0070,c0011,dp5487598,611786,eba_GA:DE
f_20.07.1,f_20.07.1,r0100,c0010,dp5487596,13798,eba_GA:DE
f_20.07.1,f_20.07.1,r0100,c0011,dp5487818,13798,eba_GA:DE
f_20.07.1,f_20.07.1,r0110,c0010,dp5487594,1007260,eba_GA:DE
f_20.07.1,f_20.07.1,r0110,c0010,dp5487594,5141055,eba_GA:ES
f_20.07.1,f_20.07.1,r0110,c0011,dp5487816,1007260,eba_GA:DE
f_20.07.1,f_20.07.1,r0110,c0011,dp5487816,5141055,eba_GA:ES
f_20.07.1,f_20.07.1,r0120,c0010,dp5487815,8340269,eba_GA:DE
f_20.07.1,f_20.07.1,r0120,c0011,dp5487593,8340269,eba_GA:DE
f_20.07.1,f_20.07.1,r0130,c0010,dp5487479,30556306,eba_GA:DE
f_20.07.1,f_20.07.1,r0130,c0011,dp5487480,30556306,eba_GA:DE
f_20.07.1,f_20.07.1,r0180,c0010,dp5487660,1007926,eba_GA:AT
f_20.07.1,f_20.07.1,r0180,c0010,dp5487660,1374,eba_GA:VG
f_20.07.1,f_20.07.1,r0180,c0010,dp5487660,15645,eba_GA:NL
f_20.07.1,f_20.07.1,r0180,c0010,dp5487660,455813,eba_GA:LU
f_20.07.1,f_20.07.1,r0180,c0010,dp5487660,5000,eba_GA:CH
f_20.07.1,f_20.07.1,r0180,c0010,dp5487660,7442257,eba_GA:DE
f_20.07.1,f_20.07.1,r0180,c0011,dp5487807,1007926,eba_GA:AT
f_20.07.1,f_20.07.1,r0180,c0011,dp5487807,1374,eba_GA:VG
f_20.07.1,f_20.07.1,r0180,c0011,dp5487807,15645,eba_GA:NL
f_20.07.1,f_20.07.1,r0180,c0011,dp5487807,455813,eba_GA:LU
f_20.07.1,f_20.07.1,r0180,c0011,dp5487807,5000,eba_GA:CH
f_20.07.1,f_20.07.1,r0180,c0011,dp5487807,7442257,eba_GA:DE
f_20.07.1,f_20.07.1,r0180,c0012,dp5487671,535500,eba_GA:DE
f_20.07.1,f_20.07.1,r0180,c0021,dp5487929,-3943,eba_GA:AT
f_20.07.1,f_20.07.1,r0180,c0021,dp5487929,-450000,eba_GA:DE
f_20.07.1,f_20.07.1,r0190,c0010,dp5487614,1007926,eba_GA:AT
f_20.07.1,f_20.07.1,r0190,c0010,dp5487614,1374,eba_GA:VG
f_20.07.1,f_20.07.1,r0190,c0010,dp5487614,15645,eba_GA:NL
f_20.07.1,f_20.07.1,r0190,c0010,dp5487614,455813,eba_GA:LU
f_20.07.1,f_20.07.1,r0190,c0010,dp5487614,46521,eba_GA:FR
f_20.07.1,f_20.07.1,r0190,c0010,dp5487614,49365599,eba_GA:DE
f_20.07.1,f_20.07.1,r0190,c0010,dp5487614,5000,eba_GA:CH
f_20.07.1,f_20.07.1,r0190,c0010,dp5487614,5141055,eba_GA:ES
f_20.07.1,f_20.07.1,r0190,c0011,dp5487757,1007926,eba_GA:AT
f_20.07.1,f_20.07.1,r0190,c0011,dp5487757,1374,eba_GA:VG
f_20.07.1,f_20.07.1,r0190,c0011,dp5487757,15645,eba_GA:NL
f_20.07.1,f_20.07.1,r0190,c0011,dp5487757,455813,eba_GA:LU
f_20.07.1,f_20.07.1,r0190,c0011,dp5487757,46521,eba_GA:FR
f_20.07.1,f_20.07.1,r0190,c0011,dp5487757,49365599,eba_GA:DE
f_20.07.1,f_20.07.1,r0190,c0011,dp5487757,5000,eba_GA:CH
f_20.07.1,f_20.07.1,r0190,c0011,dp5487757,5141055,eba_GA:ES
f_20.07.1,f_20.07.1,r0190,c0012,dp5487831,535500,eba_GA:DE
f_20.07.1,f_20.07.1,r0190,c0021,dp5487887,-3943,eba_GA:AT
f_20.07.1,f_20.07.1,r0190,c0021,dp5487887,-450000,eba_GA:DE
f_22.01,f_22.01,r0010,c0010,dp33870,40729632,
f_22.01,f_22.01,r0020,c0010,dp33889,3572726,
f_22.01,f_22.01,r0040,c0010,dp33892,3532921,
f_22.01,f_22.01,r0050,c0010,dp33891,39805,
f_22.01,f_22.01,r0051,c0010,dp433804,1273274,
f_22.01,f_22.01,r0052,c0010,dp433805,1273274,
f_22.01,f_22.01,r0055,c0010,dp433808,335826,
f_22.01,f_22.01,r0070,c0010,dp33877,26252194,
f_22.01,f_22.01,r0080,c0010,dp33880,2527327,
f_22.01,f_22.01,r0100,c0010,dp33882,2527327,
f_22.01,f_22.01,r0120,c0010,dp33887,68658,
f_22.01,f_22.01,r0131,c0010,dp433818,31625,
f_22.01,f_22.01,r0132,c0010,dp433809,31582,
f_22.01,f_22.01,r0135,c0010,dp433812,44,
f_22.01,f_22.01,r0140,c0010,dp33883,2553139,
f_22.01,f_22.01,r0150,c0010,dp33884,2537481,
f_22.01,f_22.01,r0170,c0010,dp33886,15658,
f_22.01,f_22.01,r0213,c0010,dp433814,3974294,
f_22.01,f_22.01,r0220,c0010,dp33876,140570,
f_22.01,f_22.01,r0230,c0010,dp33821,13483150,
f_22.01,f_22.01,r0235,c0010,dp433795,3838792,
f_22.01,f_22.01,r0245,c0010,dp433793,3539500,
f_22.01,f_22.01,r0250,c0010,dp33829,4937048,
f_22.01,f_22.01,r0255,c0010,dp433794,6994,
f_22.01,f_22.01,r0256,c0010,dp433797,3306,
f_22.01,f_22.01,r0270,c0010,dp33813,351,
f_22.01,f_22.01,r0281,c0010,dp433798,821385,
f_22.01,f_22.01,r0282,c0010,dp433796,1822,
f_22.01,f_22.01,r0290,c0010,dp33827,337258,
f_22.02,f_22.02,r0010,c0010,dp31981,15946981293,
f_22.02,f_22.02,r0020,c0010,dp31982,2182519229,
f_22.02,f_22.02,r0040,c0010,dp31983,13764462064,
f_22.02,f_22.02,r0060,c0010,dp31986,4343138543,
f_22.02,f_22.02,r0080,c0010,dp31988,4343138543,
f_25.01.b,f_25.01.b,r0010,c0010,dp433579,0,
f_25.02.a,f_25.02.a,r0010,c0010,dp433570,0,
f_25.03.b,f_25.03.b,r0010,c0010,dp429257,0,
f_04.01,,,,dp11084,0,
f_04.01,,,,dp11108,1292390,
f_04.01,,,,dp11110,1292390,
